uuid|studentUuid|subjectUuid
803AA359-0337-48BB-BDA8-6B81B8EBF1C0|CA69EB58-7DCA-4E9E-80B1-AC47B63A8C21|F294FD7C-6321-417C-A56F-CFE8AC8D7950
DD82348D-CAD8-4CA4-927A-1BDFCAFA16C8|82B17C63-6BBA-4B5C-B387-43DD1E74B2B1|F294FD7C-6321-417C-A56F-CFE8AC8D7950
DA257633-E3C3-4EFD-9E23-A976128D3525|7DBC3E02-DB92-4A34-A506-D2ED184F02A9|F294FD7C-6321-417C-A56F-CFE8AC8D7950
A49A444C-DE96-4C85-BE0C-F7579618EF51|B393510A-2D03-44D1-8A0C-73FBEC1BEDD7|F294FD7C-6321-417C-A56F-CFE8AC8D7950
7978D7D3-24EC-4CA3-9FE8-373D84013B31|E96657DE-DFEB-4073-AA93-4F83155DCD09|F294FD7C-6321-417C-A56F-CFE8AC8D7950
CC4B7B6A-39AF-4DDE-B20F-4C16AD8DFBED|FE1F19D5-C88D-411E-9543-40CE59979BEC|F294FD7C-6321-417C-A56F-CFE8AC8D7950
23C42455-F131-46B0-A999-397275E55736|E8246333-CD6C-48CE-8E12-16FDCD87C903|F294FD7C-6321-417C-A56F-CFE8AC8D7950
0ACAAD0F-9068-40B2-9F35-ECF3C824DCAB|4F6D9D5C-C3A2-42EA-9167-38159A622ADB|F294FD7C-6321-417C-A56F-CFE8AC8D7950
FCD81C20-886B-42F3-8A06-66F8D9BCE360|91FC808C-C32A-417A-8E4B-C43808515AD8|F294FD7C-6321-417C-A56F-CFE8AC8D7950
9828A709-2400-4B5D-8662-0F6B8C59AB20|83193DF6-B960-4D46-8AA7-DCB088646E14|F294FD7C-6321-417C-A56F-CFE8AC8D7950
E887E774-F320-4BB6-830F-B17424D6367C|F061B7E5-AEE8-4450-B704-D6AA7BC51DCB|F294FD7C-6321-417C-A56F-CFE8AC8D7950
09AC3B33-CB83-462B-9918-204F85ED37A8|4EB59171-1A34-41A9-A343-887943D5C969|F294FD7C-6321-417C-A56F-CFE8AC8D7950
C90BD01B-D312-4C94-A93A-ABEA2362F35D|BF34A72B-833A-447A-945A-00E07690F8B5|F294FD7C-6321-417C-A56F-CFE8AC8D7950
8801CA4D-7C37-4604-96AA-2372AFF91126|C429E19B-ED25-4D0E-A0F8-A2DD6A1D07F3|F294FD7C-6321-417C-A56F-CFE8AC8D7950
97335874-6CA4-4BBA-A113-4A086EB682B0|C6E316F7-5784-46A5-A2E2-12EE459E9DA5|F294FD7C-6321-417C-A56F-CFE8AC8D7950
E847B11E-E056-4EAC-986D-9CD914D15042|99B8B96B-B7DA-4E1F-8E7E-4D29FF3D8D20|F294FD7C-6321-417C-A56F-CFE8AC8D7950
D99A9C3F-0C81-41C5-B19F-E534400FB7C0|3C1053E1-896E-46D2-8C04-03B673EDDE08|F294FD7C-6321-417C-A56F-CFE8AC8D7950
159A9096-29BD-4B86-AF82-D50E843A426F|2643E379-BE22-4D11-9591-F2DC02B43FC6|F294FD7C-6321-417C-A56F-CFE8AC8D7950
C2EA6312-5CD0-4512-8BE4-F57E9E0982CE|DD428EEC-C7BD-4ED0-9671-03FA8F75BB21|F294FD7C-6321-417C-A56F-CFE8AC8D7950
F24CD7C2-BE7B-46A6-98E0-24149151593B|FA5D00B0-1DAB-4C83-97F9-0BAF30186582|F294FD7C-6321-417C-A56F-CFE8AC8D7950
26257A0C-5F3B-483F-B4C0-83F9CD192FA2|ED2F088A-0D1F-45F5-88DC-CB9552FD44F5|F294FD7C-6321-417C-A56F-CFE8AC8D7950
C6D82052-220F-45DC-8D2D-4A80B2BE5916|323556CF-3695-449E-86F4-9515CC58A267|F294FD7C-6321-417C-A56F-CFE8AC8D7950
A5599048-6FF5-467D-BBB4-DA2AE2C7A97D|CDBCEC15-3EE0-43EF-B384-F4014E83F89D|F294FD7C-6321-417C-A56F-CFE8AC8D7950
22D11408-4241-4F4D-BEFF-150EDBD0B352|4F819276-09F7-4B53-99E9-65FADF75F7D2|F294FD7C-6321-417C-A56F-CFE8AC8D7950
087A267F-50FA-423D-8F25-B43CEC3156BE|FB769B43-B092-42E4-9936-A0716F28B25D|F294FD7C-6321-417C-A56F-CFE8AC8D7950
654F93D5-580B-4DF7-B8D0-380A05178708|A058D7E4-0233-4BE7-990A-D3CB229164B5|F294FD7C-6321-417C-A56F-CFE8AC8D7950
FD50D143-055E-4BA6-BA34-A7490A82C790|1C9DD8CF-14B2-4BF2-AACC-6B6CBEB98998|F294FD7C-6321-417C-A56F-CFE8AC8D7950
AD781FA8-0FC3-4396-85E8-840D61FE03B8|3C212576-FEB0-47B3-A3F8-71C623D38064|F294FD7C-6321-417C-A56F-CFE8AC8D7950
5AB8A9F1-57B2-4650-BEF8-053BC1F0A97A|129BAE9E-BBE9-4FBA-B67E-BEE11FF3C1C6|F294FD7C-6321-417C-A56F-CFE8AC8D7950
D51161E1-8CEF-47B7-9655-F38EFA49B98E|0E97899E-99F2-468F-86A5-9E59F7A224DC|F294FD7C-6321-417C-A56F-CFE8AC8D7950
5CAB5767-8C3D-4FA8-9C9B-398646DCAF14|55DD5463-6ECB-48A3-B6E7-03548A9E37FE|F294FD7C-6321-417C-A56F-CFE8AC8D7950
99A87B59-83AF-4E1C-8C74-6242ABE958D4|9981AF41-4F2D-43E7-BE85-3BE342E3DE97|F294FD7C-6321-417C-A56F-CFE8AC8D7950
2F243DB6-F848-40DE-ADBD-0620738AC1AD|5C7F1A91-A253-4758-A435-D6A877B2BFF7|F294FD7C-6321-417C-A56F-CFE8AC8D7950
A86E7A4B-BC01-4BE6-B01A-B7F634ADDE85|0FE3F988-A852-4D70-AA60-4B0299E3BB2E|F294FD7C-6321-417C-A56F-CFE8AC8D7950
369E3106-C2C5-4211-B528-70EF10EA6895|6DB8ECF2-C324-44F7-9003-D5690601D793|F294FD7C-6321-417C-A56F-CFE8AC8D7950
1889221E-2C05-4C32-95C5-90AD1D2642A0|5C15179F-A08E-4FCD-8F9B-C2B47DE66779|F294FD7C-6321-417C-A56F-CFE8AC8D7950
2797DF81-60C6-4193-BFCD-C1DD6BEBF748|134296E7-1D73-4328-AA9C-F5A31084166F|F294FD7C-6321-417C-A56F-CFE8AC8D7950
78426EA9-E9FB-4FEA-A8CE-FBF4A5274D71|4D334ABD-7841-43A5-9E45-D8159E7E8181|F294FD7C-6321-417C-A56F-CFE8AC8D7950
7452C9FA-E43D-4BF5-A6F3-E1F47A3E54D9|A2430CE3-B846-4B53-8E52-B4FB7D7B82AD|F294FD7C-6321-417C-A56F-CFE8AC8D7950
2425A747-25C3-423B-B1C5-5B3A809F79A4|63676FE0-F07D-45DB-BCC9-454B1088861E|F294FD7C-6321-417C-A56F-CFE8AC8D7950
5B2AE8E9-B767-4A75-998A-900E547EFD47|D166C4CB-D5A3-409B-9B65-0082EDE68AFE|F294FD7C-6321-417C-A56F-CFE8AC8D7950
E069D96C-469B-4AE0-9347-9058FC8575E6|71012BD8-03D1-46B3-8400-9C82D7C11EB5|F294FD7C-6321-417C-A56F-CFE8AC8D7950
A872BEF4-4998-4C88-9575-B56165A4948D|8916C3B1-016C-4EF7-B2B4-4009DD51725B|F294FD7C-6321-417C-A56F-CFE8AC8D7950
3B91B6CB-6C66-4E00-B046-EA7391C5DB48|85A288CE-BE07-409C-8161-0BD6DB085680|F294FD7C-6321-417C-A56F-CFE8AC8D7950
AC5E58E4-443E-4BF8-8EB2-E373764CFE08|3A69656D-2F4F-45B3-98E6-2542366C910C|F294FD7C-6321-417C-A56F-CFE8AC8D7950
3386F569-706A-4DAB-B3BA-05A86569292A|DAED9B26-87AD-41BD-8058-F1C98C9FAE70|F294FD7C-6321-417C-A56F-CFE8AC8D7950
C396E644-A31F-4B85-B740-FEA000FAF90F|E54B3CFA-E25F-434C-A572-FC08E230F298|F294FD7C-6321-417C-A56F-CFE8AC8D7950
06291493-F48C-4BFB-B0B8-7245D62178B4|B9E7EE02-F6B5-4EBF-B2E1-2F441E0EA710|F294FD7C-6321-417C-A56F-CFE8AC8D7950
C479FC36-D676-4C71-A6BF-21B1F955779B|99AC5A73-A3A2-4EEB-AC12-9624266122C2|F294FD7C-6321-417C-A56F-CFE8AC8D7950
4764C6DE-C703-42B2-9814-D3FAEA127F99|3D9F61F5-A2ED-49E0-805C-BCE61533F9FC|F294FD7C-6321-417C-A56F-CFE8AC8D7950
474D9805-BBF0-4AFA-86C2-19EFFD3806CA|7DC52335-F35D-4C71-B1AB-5B15EEBB7A0F|F294FD7C-6321-417C-A56F-CFE8AC8D7950
92BB5693-4D9B-484A-A046-273BFCB7C751|D0EC9594-8CFA-48F6-80BD-7AF6CF435A5D|F294FD7C-6321-417C-A56F-CFE8AC8D7950
7E248B09-F4A4-4E03-801D-ED37CBD1D4CE|2AB0D593-B7AD-4B60-B0A8-A5416C29651D|F294FD7C-6321-417C-A56F-CFE8AC8D7950
DD2508DA-E19B-4371-B144-5CFEAAC292E6|41BDFC52-7941-434A-B783-BABAE7847000|F294FD7C-6321-417C-A56F-CFE8AC8D7950
2A389447-B0B7-491F-9E98-B305B4D9B42B|2DA46381-07FC-41A7-95E5-0DB3DF938742|F294FD7C-6321-417C-A56F-CFE8AC8D7950
7179682B-08E8-4493-8460-7514674F2D75|744D876A-03CA-4A46-B2E5-C7BF39F16338|F294FD7C-6321-417C-A56F-CFE8AC8D7950
798A60BC-65DF-435A-B98A-A483132EF0FB|604C70A8-0018-4127-A02E-D2DABA5689B8|F294FD7C-6321-417C-A56F-CFE8AC8D7950
E2B48866-92D9-4891-ACDF-596AB6D597ED|19FF7382-77E0-4789-BBC2-3EE1261722C2|F294FD7C-6321-417C-A56F-CFE8AC8D7950
4483DB92-4023-4D48-8100-4938FD435BF7|9273A280-8837-43E4-9D97-D38895C5BB92|F294FD7C-6321-417C-A56F-CFE8AC8D7950
60C5EFC5-8EFA-49E9-99D2-57BF3F876850|EFE11479-B775-475F-9A01-0B2181856316|F294FD7C-6321-417C-A56F-CFE8AC8D7950
56864651-2E01-46C9-90CC-1E71E476C594|A1BA4181-BE72-4720-B39A-310FD87A2DEC|F294FD7C-6321-417C-A56F-CFE8AC8D7950
76604FDE-DC8E-4C3A-876F-A5DBA73C297F|3BF06943-D092-4D50-9DF5-091F34121D31|F294FD7C-6321-417C-A56F-CFE8AC8D7950
7A16BA3E-C9B1-43DC-B352-AF8C1F64EA0D|F14658EB-E6ED-4870-8D8F-B7AC92424633|F294FD7C-6321-417C-A56F-CFE8AC8D7950
B9440BBF-A479-4FDD-9360-308236A8A66C|101925B7-82BB-4102-A070-79754D1506F4|F294FD7C-6321-417C-A56F-CFE8AC8D7950
E67E06D9-FC86-4C01-9732-BFB2C73BDDB1|A5F14E04-77D2-4FA3-A99F-C94B1783191E|F294FD7C-6321-417C-A56F-CFE8AC8D7950
1E975710-605C-4DC7-98FB-36442CA0D4D6|90D4C761-8204-4E41-86D4-CACB53C55A81|F294FD7C-6321-417C-A56F-CFE8AC8D7950
9EFAD6BF-AE41-4613-8585-4C775B46C64C|F98246CB-8739-43A0-B828-CF8131192F59|F294FD7C-6321-417C-A56F-CFE8AC8D7950
A525F280-0E2A-45AC-A19E-719801F04C1D|2F57830C-EAAD-45AE-BF90-BAB96648FFA6|F294FD7C-6321-417C-A56F-CFE8AC8D7950
9E8893BB-CB6C-442F-8F3A-541EE6BC654D|F1C39052-E637-463D-AA4D-80231E3DE6A2|F294FD7C-6321-417C-A56F-CFE8AC8D7950
1BE227EE-373E-4D90-89A7-F2DE0F0BBB61|D41E8777-9BD0-4A58-B1ED-A4130A84C334|F294FD7C-6321-417C-A56F-CFE8AC8D7950
A3E14434-3C8F-448E-BC90-6CDB74822756|AE08E55E-21B6-47F5-8BCC-5E48A8B3E618|F294FD7C-6321-417C-A56F-CFE8AC8D7950
A419E6C4-D02B-4F13-B750-AA08E84CF46A|4E7F14C7-CABD-43DE-B556-18D29A509C78|F294FD7C-6321-417C-A56F-CFE8AC8D7950
77E6133A-86EB-44A8-8E4E-F6E284CB16E0|9C9D8931-F181-4857-A2C7-9DB0432AB26D|F294FD7C-6321-417C-A56F-CFE8AC8D7950
2B530724-1CC4-408F-8C9F-558676A723DC|7617DDBB-2DF1-429B-B055-4D8F6F4E18DA|F294FD7C-6321-417C-A56F-CFE8AC8D7950
16997D37-B3B0-48A0-B7DA-5AB7FC1F4E0D|0EC63AB0-DF5B-4D08-BE9B-BA107C0E06CF|F294FD7C-6321-417C-A56F-CFE8AC8D7950
10AE9B12-7884-48EC-8DEC-A469A99AF9B9|2F12FF48-4B64-446B-BFE8-65C6307C0C6E|F294FD7C-6321-417C-A56F-CFE8AC8D7950
DB86248F-A8BD-41BF-AF5E-3E6754E1770A|4FA4F404-FA48-4DA0-B4CC-F2BE57DE3FC2|F294FD7C-6321-417C-A56F-CFE8AC8D7950
2656FB8B-F664-458B-94B0-507CCC4D42AC|BCF0757E-2770-403A-935A-41727EEF9862|F294FD7C-6321-417C-A56F-CFE8AC8D7950
84ECF870-FDFD-481A-9D8F-ACCD4367230A|1852D4EB-6E28-40A5-9BEE-B88C969E709D|F294FD7C-6321-417C-A56F-CFE8AC8D7950
EC288318-0162-449B-ADAC-ED98B793549A|493891B4-1B47-4EB2-AC63-B692FDC4C519|F294FD7C-6321-417C-A56F-CFE8AC8D7950
3487EB98-5230-4DE9-8E67-6434A6BA672F|84B8977F-CB68-456E-AA15-1CEDA051D73C|F294FD7C-6321-417C-A56F-CFE8AC8D7950
BCEFB961-D1D1-4910-A694-97F79782752A|F605324B-B28D-4813-AD12-A7D6A1F42D93|F294FD7C-6321-417C-A56F-CFE8AC8D7950
8B43F52B-108B-4780-8061-C200DBEFDD83|C996E9D3-E7DA-4BD3-AAC5-E5B7B27A3BD7|F294FD7C-6321-417C-A56F-CFE8AC8D7950
9308B336-2B89-4693-BE39-85C732DF4247|59B43BF1-96C3-418E-92B3-BAA41C053033|F294FD7C-6321-417C-A56F-CFE8AC8D7950
2300497E-78A0-4CDC-8CA3-2714DC9FAD83|05DAA89D-EC2D-4660-AF5D-98D4D6868275|F294FD7C-6321-417C-A56F-CFE8AC8D7950
2DD15784-66B6-4EA1-B810-B36CFF7F9423|75C15B77-D270-4B5E-9E20-10359D26B247|F294FD7C-6321-417C-A56F-CFE8AC8D7950
960CEE26-E81F-4F8F-A55C-643DB5EFC60F|5A04C2A8-665F-488E-84E9-3D884DFE5597|F294FD7C-6321-417C-A56F-CFE8AC8D7950
6AC071A5-C380-4D04-91C5-051F01429DAC|819D2201-8E32-4833-980D-3D34391C5628|F294FD7C-6321-417C-A56F-CFE8AC8D7950
71787269-F8E7-4A2C-B51F-158F61301BE6|D4B48A2A-9431-47AF-A9F7-E681D9759A38|F294FD7C-6321-417C-A56F-CFE8AC8D7950
DC1CA0B1-D2D7-48FF-B47B-569EE8BE6BCF|186E9AF4-8511-49FB-96F7-003477234BBF|F294FD7C-6321-417C-A56F-CFE8AC8D7950
E2E58063-A26E-4C62-A93C-D617B2998605|5CF6F4AA-3937-43CF-BE5A-95A35829867C|F294FD7C-6321-417C-A56F-CFE8AC8D7950
CB21D1C5-0A5F-4955-8F3E-9F3B756F369A|BF88828C-06E6-49B5-B273-8F1894CE92F1|F294FD7C-6321-417C-A56F-CFE8AC8D7950
8C991203-80B4-4AA8-B652-F97FC8F35980|C06F79B1-3DAB-4909-B1FA-9EF58BA4801C|F294FD7C-6321-417C-A56F-CFE8AC8D7950
9887ABFB-AA2F-4173-90F1-3099CD96D7E1|932F985F-9892-4A6F-ABA7-BDC5E0C32458|F294FD7C-6321-417C-A56F-CFE8AC8D7950
E75B6D75-7712-4439-B66A-863CF2A95B28|783730F6-1262-4FCC-A486-EE4D44E2C22A|F294FD7C-6321-417C-A56F-CFE8AC8D7950
399E6154-E6ED-4F0F-B54C-9F7F1852B1BF|628779AD-4968-4107-ADA4-14F13426470A|F294FD7C-6321-417C-A56F-CFE8AC8D7950
99EC6DB3-05CD-483E-BADB-0D22BF579E63|6A4DD014-D39D-4B9E-8BB4-7104FC5D6EB2|F294FD7C-6321-417C-A56F-CFE8AC8D7950
3F5EB4C9-54BB-42D2-A427-951CE5B91963|8C2C68C8-3175-49F1-AB92-84561AD81563|F294FD7C-6321-417C-A56F-CFE8AC8D7950
57D50088-AFCD-4C4B-ADA4-FAD88F78F182|DDE3765A-38EF-4D45-B452-BB4D0DA3A079|F294FD7C-6321-417C-A56F-CFE8AC8D7950
CC0EC105-6D60-4486-9787-04852BFBD981|682FAD9B-C58C-4929-A460-FDD7C021A12F|F294FD7C-6321-417C-A56F-CFE8AC8D7950
75525FD8-30FA-4309-A417-449F2D3BBCA3|F88F51DD-F0F2-4454-A9FB-0C679EDC55C3|F294FD7C-6321-417C-A56F-CFE8AC8D7950
90331861-D0AE-442F-9F05-1E9993F4C66C|8964C5F6-922A-4398-B8D8-2030560C1CF8|F294FD7C-6321-417C-A56F-CFE8AC8D7950
9437B5E4-63C2-40F3-84FC-68A01B322F14|CA69EB58-7DCA-4E9E-80B1-AC47B63A8C21|ECA8DC82-9C86-436C-9A88-C71A44D25173
25F7BEDE-B466-4076-9818-D9474C215864|82B17C63-6BBA-4B5C-B387-43DD1E74B2B1|ECA8DC82-9C86-436C-9A88-C71A44D25173
2E7C7CD9-1D8A-490B-9779-5AC61283901A|7DBC3E02-DB92-4A34-A506-D2ED184F02A9|ECA8DC82-9C86-436C-9A88-C71A44D25173
98704ED0-6AAA-410A-B774-9963A9B09D49|B393510A-2D03-44D1-8A0C-73FBEC1BEDD7|ECA8DC82-9C86-436C-9A88-C71A44D25173
0BE14102-F0A6-4DF8-9E8A-DF5DD67FF201|E96657DE-DFEB-4073-AA93-4F83155DCD09|ECA8DC82-9C86-436C-9A88-C71A44D25173
149EB9B4-F872-4023-9598-38FC111962B1|FE1F19D5-C88D-411E-9543-40CE59979BEC|ECA8DC82-9C86-436C-9A88-C71A44D25173
5A07CE98-AB11-448F-84E8-9466451D8B08|E8246333-CD6C-48CE-8E12-16FDCD87C903|ECA8DC82-9C86-436C-9A88-C71A44D25173
93BAE7D2-5708-4592-A7F5-BE5B9EFFE3E2|4F6D9D5C-C3A2-42EA-9167-38159A622ADB|ECA8DC82-9C86-436C-9A88-C71A44D25173
51F37534-7AB1-4A3A-A85F-2BCC4FD9DBCF|91FC808C-C32A-417A-8E4B-C43808515AD8|ECA8DC82-9C86-436C-9A88-C71A44D25173
ACD49B9A-D473-47E0-9636-663CB5399402|83193DF6-B960-4D46-8AA7-DCB088646E14|ECA8DC82-9C86-436C-9A88-C71A44D25173
0B3FF532-A903-4563-9974-2125B831FAFB|F061B7E5-AEE8-4450-B704-D6AA7BC51DCB|ECA8DC82-9C86-436C-9A88-C71A44D25173
20E96D7C-0F39-48E0-9079-8B4C3D3660DF|4EB59171-1A34-41A9-A343-887943D5C969|ECA8DC82-9C86-436C-9A88-C71A44D25173
73683984-D37F-4AB4-90C3-3E2F89FA2FF5|BF34A72B-833A-447A-945A-00E07690F8B5|ECA8DC82-9C86-436C-9A88-C71A44D25173
1BE7FFA9-7A43-4BF6-948E-9F715817895D|C429E19B-ED25-4D0E-A0F8-A2DD6A1D07F3|ECA8DC82-9C86-436C-9A88-C71A44D25173
5501618B-BDB6-4D27-A530-667BE980CBEF|C6E316F7-5784-46A5-A2E2-12EE459E9DA5|ECA8DC82-9C86-436C-9A88-C71A44D25173
2BD4E20B-0EC6-4573-938F-854AA15C26A6|99B8B96B-B7DA-4E1F-8E7E-4D29FF3D8D20|ECA8DC82-9C86-436C-9A88-C71A44D25173
559377AA-9D14-4E02-B9B7-B736A3B22518|3C1053E1-896E-46D2-8C04-03B673EDDE08|ECA8DC82-9C86-436C-9A88-C71A44D25173
E09A8677-C1D2-419E-816E-98A435826555|2643E379-BE22-4D11-9591-F2DC02B43FC6|ECA8DC82-9C86-436C-9A88-C71A44D25173
321BBEC4-BBB8-4BA4-AE56-E8E4400301A6|DD428EEC-C7BD-4ED0-9671-03FA8F75BB21|ECA8DC82-9C86-436C-9A88-C71A44D25173
4E26F4CF-B1DA-4F6C-9F7D-10AEB218D57E|FA5D00B0-1DAB-4C83-97F9-0BAF30186582|ECA8DC82-9C86-436C-9A88-C71A44D25173
5D79CCF0-FE90-4FEA-AFA1-FB2E41762031|ED2F088A-0D1F-45F5-88DC-CB9552FD44F5|ECA8DC82-9C86-436C-9A88-C71A44D25173
00CE58A3-BC89-4CEA-86D5-0AFDDB297885|323556CF-3695-449E-86F4-9515CC58A267|ECA8DC82-9C86-436C-9A88-C71A44D25173
D95D5733-5F19-47CE-B3CF-3C54BC1F96F2|CDBCEC15-3EE0-43EF-B384-F4014E83F89D|ECA8DC82-9C86-436C-9A88-C71A44D25173
1674112A-04C2-4609-B797-AC3E635FC373|4F819276-09F7-4B53-99E9-65FADF75F7D2|ECA8DC82-9C86-436C-9A88-C71A44D25173
F53C58A2-FCA4-4F31-862D-2B2D83440E23|FB769B43-B092-42E4-9936-A0716F28B25D|ECA8DC82-9C86-436C-9A88-C71A44D25173
1502D0C8-044A-4569-B376-1C03CE0A0843|A058D7E4-0233-4BE7-990A-D3CB229164B5|ECA8DC82-9C86-436C-9A88-C71A44D25173
C911043F-C582-42A3-83EE-FABC16D1CFE4|1C9DD8CF-14B2-4BF2-AACC-6B6CBEB98998|ECA8DC82-9C86-436C-9A88-C71A44D25173
A7102CE0-5A88-461A-9F87-30B210FE6E9E|3C212576-FEB0-47B3-A3F8-71C623D38064|ECA8DC82-9C86-436C-9A88-C71A44D25173
DA339F7B-60DB-4791-A842-D6742A36046C|129BAE9E-BBE9-4FBA-B67E-BEE11FF3C1C6|ECA8DC82-9C86-436C-9A88-C71A44D25173
D8C32635-94B3-48DD-9E09-D21A7F4929F4|0E97899E-99F2-468F-86A5-9E59F7A224DC|ECA8DC82-9C86-436C-9A88-C71A44D25173
18CBB70B-09E6-4099-A6D1-4D61137EC95D|55DD5463-6ECB-48A3-B6E7-03548A9E37FE|ECA8DC82-9C86-436C-9A88-C71A44D25173
E8AB4492-F9C4-4546-8D4F-A0721D28FC76|9981AF41-4F2D-43E7-BE85-3BE342E3DE97|ECA8DC82-9C86-436C-9A88-C71A44D25173
17AE4026-BA5B-42AD-A81C-1754D4CB2F32|5C7F1A91-A253-4758-A435-D6A877B2BFF7|ECA8DC82-9C86-436C-9A88-C71A44D25173
CCA62329-9A36-41CC-8D05-A7D54F5084E5|0FE3F988-A852-4D70-AA60-4B0299E3BB2E|ECA8DC82-9C86-436C-9A88-C71A44D25173
D81D58F2-A0A5-4C0A-BF24-25FC6B471A6F|6DB8ECF2-C324-44F7-9003-D5690601D793|ECA8DC82-9C86-436C-9A88-C71A44D25173
F84ABDA2-E935-41FC-A6F7-58F117F78169|5C15179F-A08E-4FCD-8F9B-C2B47DE66779|ECA8DC82-9C86-436C-9A88-C71A44D25173
233BAF88-D395-43AE-95B8-3D6E90738113|134296E7-1D73-4328-AA9C-F5A31084166F|ECA8DC82-9C86-436C-9A88-C71A44D25173
BD12D028-F1B2-4C6D-A564-F4F48FB1745D|4D334ABD-7841-43A5-9E45-D8159E7E8181|ECA8DC82-9C86-436C-9A88-C71A44D25173
2994F6DF-6F05-4B1F-8DE3-BDEF8B8F872D|A2430CE3-B846-4B53-8E52-B4FB7D7B82AD|ECA8DC82-9C86-436C-9A88-C71A44D25173
2B6525BD-4DA5-444F-8930-BD1CC3F086F4|63676FE0-F07D-45DB-BCC9-454B1088861E|ECA8DC82-9C86-436C-9A88-C71A44D25173
3F75F9BC-E1C5-47F2-93FA-9BEFEBC9968E|D166C4CB-D5A3-409B-9B65-0082EDE68AFE|ECA8DC82-9C86-436C-9A88-C71A44D25173
A5787503-C85A-4951-9CC0-DC4ECDF457AE|71012BD8-03D1-46B3-8400-9C82D7C11EB5|ECA8DC82-9C86-436C-9A88-C71A44D25173
6EB51B7A-A4C2-4600-8539-2AFACD2BE43A|8916C3B1-016C-4EF7-B2B4-4009DD51725B|ECA8DC82-9C86-436C-9A88-C71A44D25173
FCE69200-B8C5-4D3C-8258-E55B1DDAEB7E|85A288CE-BE07-409C-8161-0BD6DB085680|ECA8DC82-9C86-436C-9A88-C71A44D25173
AF066A82-B397-4213-AA1A-D9BF03FE0152|3A69656D-2F4F-45B3-98E6-2542366C910C|ECA8DC82-9C86-436C-9A88-C71A44D25173
CD3533AC-14EC-48E4-B841-725D83976D10|DAED9B26-87AD-41BD-8058-F1C98C9FAE70|ECA8DC82-9C86-436C-9A88-C71A44D25173
2E1ABC0E-1532-4AC1-87E1-8BDBBE8EB501|E54B3CFA-E25F-434C-A572-FC08E230F298|ECA8DC82-9C86-436C-9A88-C71A44D25173
8491F8F8-C09F-4EAA-AF90-E6AA389CB123|B9E7EE02-F6B5-4EBF-B2E1-2F441E0EA710|ECA8DC82-9C86-436C-9A88-C71A44D25173
ED37804D-4906-4E61-8AE7-476FE9B7B8AA|99AC5A73-A3A2-4EEB-AC12-9624266122C2|ECA8DC82-9C86-436C-9A88-C71A44D25173
5DB0DEA3-010C-4AFD-81F8-95C4E41837BB|3D9F61F5-A2ED-49E0-805C-BCE61533F9FC|ECA8DC82-9C86-436C-9A88-C71A44D25173
63C8597B-8412-41A6-A29F-A6CB61014E48|7DC52335-F35D-4C71-B1AB-5B15EEBB7A0F|ECA8DC82-9C86-436C-9A88-C71A44D25173
B77AF503-683A-4A74-B81E-C34FE23583E7|D0EC9594-8CFA-48F6-80BD-7AF6CF435A5D|ECA8DC82-9C86-436C-9A88-C71A44D25173
D9BF975C-E6CA-4B7E-A643-159BEEC1F9D2|2AB0D593-B7AD-4B60-B0A8-A5416C29651D|ECA8DC82-9C86-436C-9A88-C71A44D25173
B1932F7C-AFFF-4E17-92CB-43B00830EB89|41BDFC52-7941-434A-B783-BABAE7847000|ECA8DC82-9C86-436C-9A88-C71A44D25173
76C473FC-8256-42E5-9F46-ABD7491D9BBE|2DA46381-07FC-41A7-95E5-0DB3DF938742|ECA8DC82-9C86-436C-9A88-C71A44D25173
0A5D496D-CD85-4CC6-9E38-6305618E0C8D|744D876A-03CA-4A46-B2E5-C7BF39F16338|ECA8DC82-9C86-436C-9A88-C71A44D25173
60D90D69-7CE4-4C39-9E8D-9DD8B5180228|604C70A8-0018-4127-A02E-D2DABA5689B8|ECA8DC82-9C86-436C-9A88-C71A44D25173
D526CC76-56DD-4291-8743-9B21FD215566|19FF7382-77E0-4789-BBC2-3EE1261722C2|ECA8DC82-9C86-436C-9A88-C71A44D25173
1F4B1AA7-FC42-4EDB-B2CF-24D3DDDC08B6|9273A280-8837-43E4-9D97-D38895C5BB92|ECA8DC82-9C86-436C-9A88-C71A44D25173
BB44FB3B-6699-4E44-9A19-8EBE0283EB4B|EFE11479-B775-475F-9A01-0B2181856316|ECA8DC82-9C86-436C-9A88-C71A44D25173
94147C37-803A-4424-9528-5EE3F0EF3E2C|A1BA4181-BE72-4720-B39A-310FD87A2DEC|ECA8DC82-9C86-436C-9A88-C71A44D25173
1B4AF590-DF64-4614-8640-7E07879DA86B|3BF06943-D092-4D50-9DF5-091F34121D31|ECA8DC82-9C86-436C-9A88-C71A44D25173
C3055C82-0E2F-4342-B765-FF84D81D18DA|F14658EB-E6ED-4870-8D8F-B7AC92424633|ECA8DC82-9C86-436C-9A88-C71A44D25173
4DFAFE19-8EF6-4B61-B7CA-B374686DF18C|101925B7-82BB-4102-A070-79754D1506F4|ECA8DC82-9C86-436C-9A88-C71A44D25173
464A9A91-99FC-4D15-AF65-585B67B3EF92|A5F14E04-77D2-4FA3-A99F-C94B1783191E|ECA8DC82-9C86-436C-9A88-C71A44D25173
151C1C36-1676-435A-9C2C-D94C816A96F9|90D4C761-8204-4E41-86D4-CACB53C55A81|ECA8DC82-9C86-436C-9A88-C71A44D25173
9C7710D0-F349-4E9C-BCBD-8FD83F2AAB9F|F98246CB-8739-43A0-B828-CF8131192F59|ECA8DC82-9C86-436C-9A88-C71A44D25173
6DAB2471-B236-4FF5-8629-8C15CE76C579|2F57830C-EAAD-45AE-BF90-BAB96648FFA6|ECA8DC82-9C86-436C-9A88-C71A44D25173
565673A9-4737-433D-A42E-005487A1C26F|F1C39052-E637-463D-AA4D-80231E3DE6A2|ECA8DC82-9C86-436C-9A88-C71A44D25173
957D9CB1-7CA9-406C-AC76-6CC6F0108B59|D41E8777-9BD0-4A58-B1ED-A4130A84C334|ECA8DC82-9C86-436C-9A88-C71A44D25173
33A9CE81-11E6-494F-9E5F-4F2C6C89CCE7|AE08E55E-21B6-47F5-8BCC-5E48A8B3E618|ECA8DC82-9C86-436C-9A88-C71A44D25173
7AC488B0-AF36-4FAA-A54B-ACB1C1E1FD38|4E7F14C7-CABD-43DE-B556-18D29A509C78|ECA8DC82-9C86-436C-9A88-C71A44D25173
14D4B4D8-6099-4460-B523-824CAC3C09C4|9C9D8931-F181-4857-A2C7-9DB0432AB26D|ECA8DC82-9C86-436C-9A88-C71A44D25173
C568CABE-8470-4518-AA70-57C79B609DD6|7617DDBB-2DF1-429B-B055-4D8F6F4E18DA|ECA8DC82-9C86-436C-9A88-C71A44D25173
E3FE61B0-CEFD-429D-8866-C7FE5ABA3BF2|0EC63AB0-DF5B-4D08-BE9B-BA107C0E06CF|ECA8DC82-9C86-436C-9A88-C71A44D25173
B7520C85-5D07-4AAA-831F-5B81AB428EED|2F12FF48-4B64-446B-BFE8-65C6307C0C6E|ECA8DC82-9C86-436C-9A88-C71A44D25173
893F5806-E89C-4882-A99B-6F15839077CF|4FA4F404-FA48-4DA0-B4CC-F2BE57DE3FC2|ECA8DC82-9C86-436C-9A88-C71A44D25173
67601721-FF35-4362-81AF-CB68FDB492E7|BCF0757E-2770-403A-935A-41727EEF9862|ECA8DC82-9C86-436C-9A88-C71A44D25173
4CE8FAD8-0B6C-4E82-B2E0-34C64E3608FF|1852D4EB-6E28-40A5-9BEE-B88C969E709D|ECA8DC82-9C86-436C-9A88-C71A44D25173
5E9BDD7A-3E33-4D91-89E4-3B2D20F6DC45|493891B4-1B47-4EB2-AC63-B692FDC4C519|ECA8DC82-9C86-436C-9A88-C71A44D25173
D357A8F2-DEFF-47F3-AAAB-B87E40EF6E66|84B8977F-CB68-456E-AA15-1CEDA051D73C|ECA8DC82-9C86-436C-9A88-C71A44D25173
1C99F466-6C16-4CCB-8B28-1897AC0B82CF|F605324B-B28D-4813-AD12-A7D6A1F42D93|ECA8DC82-9C86-436C-9A88-C71A44D25173
4C3BD605-C6DB-4F4D-A114-0F6027AA5BB7|C996E9D3-E7DA-4BD3-AAC5-E5B7B27A3BD7|ECA8DC82-9C86-436C-9A88-C71A44D25173
A0430D71-9D26-4BAC-A767-EF95B59B2A53|59B43BF1-96C3-418E-92B3-BAA41C053033|ECA8DC82-9C86-436C-9A88-C71A44D25173
EEF1E798-911F-4AAF-9F9F-9DA80C06438C|05DAA89D-EC2D-4660-AF5D-98D4D6868275|ECA8DC82-9C86-436C-9A88-C71A44D25173
451AE888-8D54-4FF4-BD1F-BFA0F1BF0B0A|75C15B77-D270-4B5E-9E20-10359D26B247|ECA8DC82-9C86-436C-9A88-C71A44D25173
C5AAE77A-2C79-47F7-8D09-405871602586|5A04C2A8-665F-488E-84E9-3D884DFE5597|ECA8DC82-9C86-436C-9A88-C71A44D25173
486D306F-69A8-4919-85D1-5FD0001B4E1A|819D2201-8E32-4833-980D-3D34391C5628|ECA8DC82-9C86-436C-9A88-C71A44D25173
4E836802-3D96-48D5-9FAE-CBDC0C2D8440|D4B48A2A-9431-47AF-A9F7-E681D9759A38|ECA8DC82-9C86-436C-9A88-C71A44D25173
524E5E1A-B11B-47C6-9CD4-8FD356C85D6E|186E9AF4-8511-49FB-96F7-003477234BBF|ECA8DC82-9C86-436C-9A88-C71A44D25173
9E9DB5F9-5719-447B-AEE7-BD023B61E60C|5CF6F4AA-3937-43CF-BE5A-95A35829867C|ECA8DC82-9C86-436C-9A88-C71A44D25173
CA273ACA-FCC3-4FF8-AE64-3CA8F14C4803|BF88828C-06E6-49B5-B273-8F1894CE92F1|ECA8DC82-9C86-436C-9A88-C71A44D25173
D7E40916-D66A-4C3F-B75F-A9B31147000B|C06F79B1-3DAB-4909-B1FA-9EF58BA4801C|ECA8DC82-9C86-436C-9A88-C71A44D25173
5A0813D3-0E5F-4E82-B072-1AA1D20F7E13|932F985F-9892-4A6F-ABA7-BDC5E0C32458|ECA8DC82-9C86-436C-9A88-C71A44D25173
3FA6920D-A6A6-4255-B9CB-AC71B01152FD|783730F6-1262-4FCC-A486-EE4D44E2C22A|ECA8DC82-9C86-436C-9A88-C71A44D25173
23176343-59EC-4E4B-9981-D9DF45BF217C|628779AD-4968-4107-ADA4-14F13426470A|ECA8DC82-9C86-436C-9A88-C71A44D25173
C88A4FB1-9906-4086-9534-E95A32DCE348|6A4DD014-D39D-4B9E-8BB4-7104FC5D6EB2|ECA8DC82-9C86-436C-9A88-C71A44D25173
D6DEC26C-B399-4091-87C3-35171BB5C886|8C2C68C8-3175-49F1-AB92-84561AD81563|ECA8DC82-9C86-436C-9A88-C71A44D25173
10CD6209-A38B-41AF-B469-C3834D5826CF|DDE3765A-38EF-4D45-B452-BB4D0DA3A079|ECA8DC82-9C86-436C-9A88-C71A44D25173
13A9A0E3-BFB1-48FC-927E-46B84042CE39|682FAD9B-C58C-4929-A460-FDD7C021A12F|ECA8DC82-9C86-436C-9A88-C71A44D25173
6248D623-3878-4049-93FE-91234DE3FA4D|F88F51DD-F0F2-4454-A9FB-0C679EDC55C3|ECA8DC82-9C86-436C-9A88-C71A44D25173
902DC4F6-7E66-46A0-8F3C-4DCBA4F1329A|8964C5F6-922A-4398-B8D8-2030560C1CF8|ECA8DC82-9C86-436C-9A88-C71A44D25173
2ECAD050-9030-4EDC-BEA4-26719AAAA847|CA69EB58-7DCA-4E9E-80B1-AC47B63A8C21|A2320C19-6D56-41C9-923D-038045A0DF82
3B5C5D3D-1874-4209-A6AA-54C4759AAF69|82B17C63-6BBA-4B5C-B387-43DD1E74B2B1|A2320C19-6D56-41C9-923D-038045A0DF82
30A246C9-0381-4E4D-B489-68E502E6894C|7DBC3E02-DB92-4A34-A506-D2ED184F02A9|A2320C19-6D56-41C9-923D-038045A0DF82
DC4D2D10-F897-4AB2-A516-57D5B3162D39|B393510A-2D03-44D1-8A0C-73FBEC1BEDD7|A2320C19-6D56-41C9-923D-038045A0DF82
2EB41550-A32E-4D77-84BB-CEE1781FF804|E96657DE-DFEB-4073-AA93-4F83155DCD09|A2320C19-6D56-41C9-923D-038045A0DF82
6ABD0C77-5602-4D92-84E3-91303513AD9F|FE1F19D5-C88D-411E-9543-40CE59979BEC|A2320C19-6D56-41C9-923D-038045A0DF82
5756C6DC-C82E-4361-9042-6C9B7A949EAA|E8246333-CD6C-48CE-8E12-16FDCD87C903|A2320C19-6D56-41C9-923D-038045A0DF82
8058A41A-0C7C-4C90-AB94-33A2C31E8E6E|4F6D9D5C-C3A2-42EA-9167-38159A622ADB|A2320C19-6D56-41C9-923D-038045A0DF82
5A09BEEA-FC95-4442-882C-F8E5C6648FC8|91FC808C-C32A-417A-8E4B-C43808515AD8|A2320C19-6D56-41C9-923D-038045A0DF82
44809FDA-43AF-408C-A0AA-BD038BC76C32|83193DF6-B960-4D46-8AA7-DCB088646E14|A2320C19-6D56-41C9-923D-038045A0DF82
13D9DB39-1517-4E26-9D4D-3D26B247F462|F061B7E5-AEE8-4450-B704-D6AA7BC51DCB|A2320C19-6D56-41C9-923D-038045A0DF82
DB3CB3AA-376B-4DD1-ABF1-FFEC4F2FEDB1|4EB59171-1A34-41A9-A343-887943D5C969|A2320C19-6D56-41C9-923D-038045A0DF82
D6C1A2A8-2754-4D36-AE09-411FB958594B|BF34A72B-833A-447A-945A-00E07690F8B5|A2320C19-6D56-41C9-923D-038045A0DF82
ABF6A97F-55D5-47E2-951B-2F477FADF7E4|C429E19B-ED25-4D0E-A0F8-A2DD6A1D07F3|A2320C19-6D56-41C9-923D-038045A0DF82
C3437CD1-5C8E-4D81-BD99-08683E452B28|C6E316F7-5784-46A5-A2E2-12EE459E9DA5|A2320C19-6D56-41C9-923D-038045A0DF82
6B9469A9-98FB-44BA-8746-2FEC6D5B9F4C|99B8B96B-B7DA-4E1F-8E7E-4D29FF3D8D20|A2320C19-6D56-41C9-923D-038045A0DF82
E265CF3A-1288-4516-9E54-572A8F1E6FC4|3C1053E1-896E-46D2-8C04-03B673EDDE08|A2320C19-6D56-41C9-923D-038045A0DF82
83799EFE-EB50-4C47-B1A6-9F72A680D8DF|2643E379-BE22-4D11-9591-F2DC02B43FC6|A2320C19-6D56-41C9-923D-038045A0DF82
8173C070-13F2-47CA-BEBF-BC86B3AE1B9D|DD428EEC-C7BD-4ED0-9671-03FA8F75BB21|A2320C19-6D56-41C9-923D-038045A0DF82
DA31AE75-2725-4B62-A4A0-CCBA42717309|FA5D00B0-1DAB-4C83-97F9-0BAF30186582|A2320C19-6D56-41C9-923D-038045A0DF82
AF20002A-26CC-44EA-A418-4FBC637AB702|ED2F088A-0D1F-45F5-88DC-CB9552FD44F5|A2320C19-6D56-41C9-923D-038045A0DF82
D86BD706-AFEB-4103-B17E-94040CC189EC|323556CF-3695-449E-86F4-9515CC58A267|A2320C19-6D56-41C9-923D-038045A0DF82
0ED823C2-57B2-4428-B579-E248BCC25E54|CDBCEC15-3EE0-43EF-B384-F4014E83F89D|A2320C19-6D56-41C9-923D-038045A0DF82
E6B1EB3F-0BCB-4FF7-884C-C5FF0CAA1F73|4F819276-09F7-4B53-99E9-65FADF75F7D2|A2320C19-6D56-41C9-923D-038045A0DF82
4F11973E-4F44-4A41-9724-FBBD1B4FFF3B|FB769B43-B092-42E4-9936-A0716F28B25D|A2320C19-6D56-41C9-923D-038045A0DF82
AB33A1CA-6691-49AA-A915-1B308A94D701|A058D7E4-0233-4BE7-990A-D3CB229164B5|A2320C19-6D56-41C9-923D-038045A0DF82
71FD1B36-7EA7-457B-9685-7A6A42581239|1C9DD8CF-14B2-4BF2-AACC-6B6CBEB98998|A2320C19-6D56-41C9-923D-038045A0DF82
A3101D0E-0C6D-40C6-ACD1-E28B65E0F2E0|3C212576-FEB0-47B3-A3F8-71C623D38064|A2320C19-6D56-41C9-923D-038045A0DF82
687A724B-47A6-42EF-9726-EA1EF7A71BC4|129BAE9E-BBE9-4FBA-B67E-BEE11FF3C1C6|A2320C19-6D56-41C9-923D-038045A0DF82
16EF2FBF-4623-4252-BE37-6A3E5F23572F|0E97899E-99F2-468F-86A5-9E59F7A224DC|A2320C19-6D56-41C9-923D-038045A0DF82
17D50955-DB99-4D4C-9B7D-3B1152E90CBE|55DD5463-6ECB-48A3-B6E7-03548A9E37FE|A2320C19-6D56-41C9-923D-038045A0DF82
AD2777C6-994C-45A8-9CF2-CA97AA2586ED|9981AF41-4F2D-43E7-BE85-3BE342E3DE97|A2320C19-6D56-41C9-923D-038045A0DF82
79E70CD8-27EB-4234-8615-75D29A22DC05|5C7F1A91-A253-4758-A435-D6A877B2BFF7|A2320C19-6D56-41C9-923D-038045A0DF82
142CE08C-5E13-4F6C-B3D3-7229FFCD16DB|0FE3F988-A852-4D70-AA60-4B0299E3BB2E|A2320C19-6D56-41C9-923D-038045A0DF82
9C284656-43D8-43CA-9A01-FF729C46AD38|6DB8ECF2-C324-44F7-9003-D5690601D793|A2320C19-6D56-41C9-923D-038045A0DF82
013151A8-B570-450A-AFF8-BAD8D89334F2|5C15179F-A08E-4FCD-8F9B-C2B47DE66779|A2320C19-6D56-41C9-923D-038045A0DF82
F2D848FB-466F-459E-B4CD-A505C3FA7B11|134296E7-1D73-4328-AA9C-F5A31084166F|A2320C19-6D56-41C9-923D-038045A0DF82
1B4A34BA-9EAD-4AEC-8408-849777115451|4D334ABD-7841-43A5-9E45-D8159E7E8181|A2320C19-6D56-41C9-923D-038045A0DF82
3D69A351-5B9C-4FBB-B6E7-68D5E9E619D8|A2430CE3-B846-4B53-8E52-B4FB7D7B82AD|A2320C19-6D56-41C9-923D-038045A0DF82
82ACA8B6-8BE8-4EC5-B998-9B1B0DECFF04|63676FE0-F07D-45DB-BCC9-454B1088861E|A2320C19-6D56-41C9-923D-038045A0DF82
BD27B781-D232-4E52-9AA7-6E39DC5EADC3|D166C4CB-D5A3-409B-9B65-0082EDE68AFE|A2320C19-6D56-41C9-923D-038045A0DF82
300ADCFC-CDDB-431F-B301-515DE801D27A|71012BD8-03D1-46B3-8400-9C82D7C11EB5|A2320C19-6D56-41C9-923D-038045A0DF82
AC2E299D-7181-4A6A-8DAA-3091F7735498|8916C3B1-016C-4EF7-B2B4-4009DD51725B|A2320C19-6D56-41C9-923D-038045A0DF82
7941BBA4-570E-4E50-A196-5F8B64148F88|85A288CE-BE07-409C-8161-0BD6DB085680|A2320C19-6D56-41C9-923D-038045A0DF82
96E18737-078C-48AB-8E78-3A109FD27BD4|3A69656D-2F4F-45B3-98E6-2542366C910C|A2320C19-6D56-41C9-923D-038045A0DF82
B9D4BA44-8B66-499C-823C-2F0EF7668FB1|DAED9B26-87AD-41BD-8058-F1C98C9FAE70|A2320C19-6D56-41C9-923D-038045A0DF82
F9549DE3-497C-4B13-A55F-5EDC9876CB6A|E54B3CFA-E25F-434C-A572-FC08E230F298|A2320C19-6D56-41C9-923D-038045A0DF82
C7085786-6ABD-4AB8-94C7-16891999270C|B9E7EE02-F6B5-4EBF-B2E1-2F441E0EA710|A2320C19-6D56-41C9-923D-038045A0DF82
C2951C0F-BDB8-4B60-9762-06F2C01540CA|99AC5A73-A3A2-4EEB-AC12-9624266122C2|A2320C19-6D56-41C9-923D-038045A0DF82
CBEE819D-D144-4824-91A1-F747C6EF61B3|3D9F61F5-A2ED-49E0-805C-BCE61533F9FC|A2320C19-6D56-41C9-923D-038045A0DF82
D37B8E36-88A5-406F-A003-3280176B037D|7DC52335-F35D-4C71-B1AB-5B15EEBB7A0F|A2320C19-6D56-41C9-923D-038045A0DF82
614B0028-D394-480D-8F27-B88910E4DFA9|D0EC9594-8CFA-48F6-80BD-7AF6CF435A5D|A2320C19-6D56-41C9-923D-038045A0DF82
3937A9E4-C54F-497A-8665-9D402E6BC9A3|2AB0D593-B7AD-4B60-B0A8-A5416C29651D|A2320C19-6D56-41C9-923D-038045A0DF82
9399D7EF-F1C1-43D9-8ECE-702289E9249F|41BDFC52-7941-434A-B783-BABAE7847000|A2320C19-6D56-41C9-923D-038045A0DF82
6239E932-0F00-45EC-8D82-EB49B2D60F96|2DA46381-07FC-41A7-95E5-0DB3DF938742|A2320C19-6D56-41C9-923D-038045A0DF82
B434A703-0593-48B6-8D3E-2E26BC2935C2|744D876A-03CA-4A46-B2E5-C7BF39F16338|A2320C19-6D56-41C9-923D-038045A0DF82
9B69E1D2-B710-449C-9917-436FF6C32F77|604C70A8-0018-4127-A02E-D2DABA5689B8|A2320C19-6D56-41C9-923D-038045A0DF82
D52144BA-011A-4648-B976-B4718ECB5903|19FF7382-77E0-4789-BBC2-3EE1261722C2|A2320C19-6D56-41C9-923D-038045A0DF82
6CD3BE50-CEEF-4FCA-B4FB-5E277F50AD93|9273A280-8837-43E4-9D97-D38895C5BB92|A2320C19-6D56-41C9-923D-038045A0DF82
BD66FB2B-981A-42C9-BBE9-047C74AA8721|EFE11479-B775-475F-9A01-0B2181856316|A2320C19-6D56-41C9-923D-038045A0DF82
B7EE229D-6CE0-41B5-9DC9-9DFDE560529D|A1BA4181-BE72-4720-B39A-310FD87A2DEC|A2320C19-6D56-41C9-923D-038045A0DF82
88FA87D2-9312-44B2-A589-92C44365FF0A|3BF06943-D092-4D50-9DF5-091F34121D31|A2320C19-6D56-41C9-923D-038045A0DF82
6A76CA57-5CC4-4C49-B0D0-9156B6EA974F|F14658EB-E6ED-4870-8D8F-B7AC92424633|A2320C19-6D56-41C9-923D-038045A0DF82
22DCFBBF-127C-494F-AFEE-CE1938974F61|101925B7-82BB-4102-A070-79754D1506F4|A2320C19-6D56-41C9-923D-038045A0DF82
1AB7882C-B324-442A-AF4F-9B9C1A7AF62D|A5F14E04-77D2-4FA3-A99F-C94B1783191E|A2320C19-6D56-41C9-923D-038045A0DF82
6B4558F5-22B8-455E-85D9-1FBD88AD4F0D|90D4C761-8204-4E41-86D4-CACB53C55A81|A2320C19-6D56-41C9-923D-038045A0DF82
C4B13517-D4B8-41CD-BF8F-3F716F2A296E|F98246CB-8739-43A0-B828-CF8131192F59|A2320C19-6D56-41C9-923D-038045A0DF82
977AD2BD-99F6-470D-9A98-60E38CE0F688|2F57830C-EAAD-45AE-BF90-BAB96648FFA6|A2320C19-6D56-41C9-923D-038045A0DF82
E04EF2D5-1A83-45A5-BCF7-C0786265DD59|F1C39052-E637-463D-AA4D-80231E3DE6A2|A2320C19-6D56-41C9-923D-038045A0DF82
78FE82DA-03A2-4C34-952B-68484E9072D9|D41E8777-9BD0-4A58-B1ED-A4130A84C334|A2320C19-6D56-41C9-923D-038045A0DF82
BC0DD122-B6DC-4BA1-8B6E-9E30FB04DCC1|AE08E55E-21B6-47F5-8BCC-5E48A8B3E618|A2320C19-6D56-41C9-923D-038045A0DF82
CDC67D31-9561-466E-924D-D6ECD7198095|4E7F14C7-CABD-43DE-B556-18D29A509C78|A2320C19-6D56-41C9-923D-038045A0DF82
170B013F-D185-4E19-BCEC-7B1A25DBD859|9C9D8931-F181-4857-A2C7-9DB0432AB26D|A2320C19-6D56-41C9-923D-038045A0DF82
354E027E-13BB-42FF-B7E9-D83215D3F90E|7617DDBB-2DF1-429B-B055-4D8F6F4E18DA|A2320C19-6D56-41C9-923D-038045A0DF82
40BF3EB1-B69D-4D1E-9DF8-ED723EDE2225|0EC63AB0-DF5B-4D08-BE9B-BA107C0E06CF|A2320C19-6D56-41C9-923D-038045A0DF82
0444AB19-6046-4A2F-BAF1-282C8E1F0576|2F12FF48-4B64-446B-BFE8-65C6307C0C6E|A2320C19-6D56-41C9-923D-038045A0DF82
A30A316F-8C48-45CF-9687-657E2FC2F684|4FA4F404-FA48-4DA0-B4CC-F2BE57DE3FC2|A2320C19-6D56-41C9-923D-038045A0DF82
9254A237-551F-43C7-B54E-AF2D63F1E62C|BCF0757E-2770-403A-935A-41727EEF9862|A2320C19-6D56-41C9-923D-038045A0DF82
1BBF1EBA-1927-44B4-820D-4BB03D39B2EE|1852D4EB-6E28-40A5-9BEE-B88C969E709D|A2320C19-6D56-41C9-923D-038045A0DF82
45C25AF5-76DC-45F7-A42B-101E3C2D784A|493891B4-1B47-4EB2-AC63-B692FDC4C519|A2320C19-6D56-41C9-923D-038045A0DF82
C7E0D4EB-D9EC-47C5-85E2-456DB20A65EC|84B8977F-CB68-456E-AA15-1CEDA051D73C|A2320C19-6D56-41C9-923D-038045A0DF82
5B3B518E-44F6-4D6F-9272-09F0C6B9E641|F605324B-B28D-4813-AD12-A7D6A1F42D93|A2320C19-6D56-41C9-923D-038045A0DF82
FFB6B8DE-57BC-4E75-9FE6-A93C6157A2AE|C996E9D3-E7DA-4BD3-AAC5-E5B7B27A3BD7|A2320C19-6D56-41C9-923D-038045A0DF82
2B429FED-DBDC-4CAA-A0D9-54C1F8FA2E47|59B43BF1-96C3-418E-92B3-BAA41C053033|A2320C19-6D56-41C9-923D-038045A0DF82
0FA4F983-0A2B-4E14-942E-1357570AD7C5|05DAA89D-EC2D-4660-AF5D-98D4D6868275|A2320C19-6D56-41C9-923D-038045A0DF82
5224DF57-8671-41F2-8DD2-FD670B8DEB49|75C15B77-D270-4B5E-9E20-10359D26B247|A2320C19-6D56-41C9-923D-038045A0DF82
4C901518-D0D9-4839-AA34-90BB3310B8F2|5A04C2A8-665F-488E-84E9-3D884DFE5597|A2320C19-6D56-41C9-923D-038045A0DF82
2D16C585-37C4-4CBE-A332-59A56D8C406F|819D2201-8E32-4833-980D-3D34391C5628|A2320C19-6D56-41C9-923D-038045A0DF82
4E906AFD-BF40-45A9-A288-A80EF4256EB2|D4B48A2A-9431-47AF-A9F7-E681D9759A38|A2320C19-6D56-41C9-923D-038045A0DF82
9CCA942C-559A-4161-87FE-70803E521ADD|186E9AF4-8511-49FB-96F7-003477234BBF|A2320C19-6D56-41C9-923D-038045A0DF82
21CC18D5-3DF8-465B-827E-4F900C5A4D25|5CF6F4AA-3937-43CF-BE5A-95A35829867C|A2320C19-6D56-41C9-923D-038045A0DF82
75682697-CCB5-446F-A853-63E35E411C88|BF88828C-06E6-49B5-B273-8F1894CE92F1|A2320C19-6D56-41C9-923D-038045A0DF82
9093AA8F-5644-4F40-8276-8A05CE137312|C06F79B1-3DAB-4909-B1FA-9EF58BA4801C|A2320C19-6D56-41C9-923D-038045A0DF82
F449D0AC-C27A-4E9C-8935-AB241CA23152|932F985F-9892-4A6F-ABA7-BDC5E0C32458|A2320C19-6D56-41C9-923D-038045A0DF82
926F18E4-BD75-424E-9194-10AB28ABBDDB|783730F6-1262-4FCC-A486-EE4D44E2C22A|A2320C19-6D56-41C9-923D-038045A0DF82
1A2F19E2-0016-47E5-BA04-46BF913B0F75|628779AD-4968-4107-ADA4-14F13426470A|A2320C19-6D56-41C9-923D-038045A0DF82
93865DA6-CD00-4806-899B-8A5B918C5AAA|6A4DD014-D39D-4B9E-8BB4-7104FC5D6EB2|A2320C19-6D56-41C9-923D-038045A0DF82
ACD7D468-2A58-4EA5-B95F-D217BCA37763|8C2C68C8-3175-49F1-AB92-84561AD81563|A2320C19-6D56-41C9-923D-038045A0DF82
30CCE63C-4FF1-4FB3-A424-17BAEDB94DB0|DDE3765A-38EF-4D45-B452-BB4D0DA3A079|A2320C19-6D56-41C9-923D-038045A0DF82
00AB4935-312B-4097-80F3-85B80E655D5F|682FAD9B-C58C-4929-A460-FDD7C021A12F|A2320C19-6D56-41C9-923D-038045A0DF82
FE438786-5023-4D94-A2BB-4E99A72E366D|F88F51DD-F0F2-4454-A9FB-0C679EDC55C3|A2320C19-6D56-41C9-923D-038045A0DF82
14868700-3B87-4AFC-B07F-C9DEC8AEED56|8964C5F6-922A-4398-B8D8-2030560C1CF8|A2320C19-6D56-41C9-923D-038045A0DF82
D4E0AE0F-32BD-4518-9880-F1EB6903592A|CA69EB58-7DCA-4E9E-80B1-AC47B63A8C21|8BBF086B-6BB3-48CF-BE4E-85FFFB8B7A3F
B527EA49-073C-4F23-BA69-98793205948C|82B17C63-6BBA-4B5C-B387-43DD1E74B2B1|8BBF086B-6BB3-48CF-BE4E-85FFFB8B7A3F
78452632-10FB-42F1-86DA-19C6061552D7|7DBC3E02-DB92-4A34-A506-D2ED184F02A9|8BBF086B-6BB3-48CF-BE4E-85FFFB8B7A3F
9F9A5884-7E30-457C-B804-963390FD14E9|B393510A-2D03-44D1-8A0C-73FBEC1BEDD7|8BBF086B-6BB3-48CF-BE4E-85FFFB8B7A3F
C3125F29-C890-4F41-8633-5984370A3318|E96657DE-DFEB-4073-AA93-4F83155DCD09|8BBF086B-6BB3-48CF-BE4E-85FFFB8B7A3F
F445E02D-9091-466E-9844-ADC0D309F370|FE1F19D5-C88D-411E-9543-40CE59979BEC|8BBF086B-6BB3-48CF-BE4E-85FFFB8B7A3F
5846F53A-8EAF-4E36-A630-FFF9C5D8E3E3|E8246333-CD6C-48CE-8E12-16FDCD87C903|8BBF086B-6BB3-48CF-BE4E-85FFFB8B7A3F
37455849-3453-46A0-807A-680A65C6B391|4F6D9D5C-C3A2-42EA-9167-38159A622ADB|8BBF086B-6BB3-48CF-BE4E-85FFFB8B7A3F
3EBFB15D-03F1-4CA3-822C-B626E065195F|91FC808C-C32A-417A-8E4B-C43808515AD8|8BBF086B-6BB3-48CF-BE4E-85FFFB8B7A3F
B809A038-9BAB-4033-A3D4-DA1F53428083|83193DF6-B960-4D46-8AA7-DCB088646E14|8BBF086B-6BB3-48CF-BE4E-85FFFB8B7A3F
2B6AF8EA-9979-485F-8CCF-E15858EC70D7|F061B7E5-AEE8-4450-B704-D6AA7BC51DCB|8BBF086B-6BB3-48CF-BE4E-85FFFB8B7A3F
57312C1D-122A-4234-A9FF-D3577F4EAD32|4EB59171-1A34-41A9-A343-887943D5C969|8BBF086B-6BB3-48CF-BE4E-85FFFB8B7A3F
97B329FA-12F1-4333-BB25-9480D0A42622|BF34A72B-833A-447A-945A-00E07690F8B5|8BBF086B-6BB3-48CF-BE4E-85FFFB8B7A3F
21AAEEF6-3709-4FD3-BA77-2E80B0F2FFC9|C429E19B-ED25-4D0E-A0F8-A2DD6A1D07F3|8BBF086B-6BB3-48CF-BE4E-85FFFB8B7A3F
6F5AD698-3DF0-4F9A-9BAD-99D23A2562B1|C6E316F7-5784-46A5-A2E2-12EE459E9DA5|8BBF086B-6BB3-48CF-BE4E-85FFFB8B7A3F
626D01CC-F4F0-4BFF-B732-1C0C760392B8|99B8B96B-B7DA-4E1F-8E7E-4D29FF3D8D20|8BBF086B-6BB3-48CF-BE4E-85FFFB8B7A3F
71C5B766-703C-4FD0-B84D-167E279A4F3E|3C1053E1-896E-46D2-8C04-03B673EDDE08|8BBF086B-6BB3-48CF-BE4E-85FFFB8B7A3F
BEFF8169-3069-4530-9506-8D6BFD897D19|2643E379-BE22-4D11-9591-F2DC02B43FC6|8BBF086B-6BB3-48CF-BE4E-85FFFB8B7A3F
65F550FC-C7A1-48B8-80EA-932727A36C08|DD428EEC-C7BD-4ED0-9671-03FA8F75BB21|8BBF086B-6BB3-48CF-BE4E-85FFFB8B7A3F
640DEE2F-069C-4DF8-B028-CD696A1DCA1A|FA5D00B0-1DAB-4C83-97F9-0BAF30186582|8BBF086B-6BB3-48CF-BE4E-85FFFB8B7A3F
9DEB4A11-6EE5-409C-8525-065D77B44C5A|ED2F088A-0D1F-45F5-88DC-CB9552FD44F5|8BBF086B-6BB3-48CF-BE4E-85FFFB8B7A3F
51773F46-ECE1-4725-AC51-405E2A1DAD82|323556CF-3695-449E-86F4-9515CC58A267|8BBF086B-6BB3-48CF-BE4E-85FFFB8B7A3F
AA44B65C-4A5E-40D7-8F99-F6C706DD7D45|CDBCEC15-3EE0-43EF-B384-F4014E83F89D|8BBF086B-6BB3-48CF-BE4E-85FFFB8B7A3F
B0BF1D4D-D66C-4A82-85A0-35436018A4B6|4F819276-09F7-4B53-99E9-65FADF75F7D2|8BBF086B-6BB3-48CF-BE4E-85FFFB8B7A3F
ADED82FF-8D94-4DB0-8E46-B390ECC7448B|FB769B43-B092-42E4-9936-A0716F28B25D|8BBF086B-6BB3-48CF-BE4E-85FFFB8B7A3F
A43CE5FF-ED2E-4943-94DF-04AFD1085733|A058D7E4-0233-4BE7-990A-D3CB229164B5|8BBF086B-6BB3-48CF-BE4E-85FFFB8B7A3F
09EBF022-0F74-477E-B4BD-B40D820CEE6B|1C9DD8CF-14B2-4BF2-AACC-6B6CBEB98998|8BBF086B-6BB3-48CF-BE4E-85FFFB8B7A3F
18826C85-A71D-4239-AD8B-61315EFFC818|3C212576-FEB0-47B3-A3F8-71C623D38064|8BBF086B-6BB3-48CF-BE4E-85FFFB8B7A3F
3A2894B7-4BEA-4D5F-B9F9-2B31B9D44BF6|129BAE9E-BBE9-4FBA-B67E-BEE11FF3C1C6|8BBF086B-6BB3-48CF-BE4E-85FFFB8B7A3F
AACE7A4A-60BE-43F2-8122-4710B4024A23|0E97899E-99F2-468F-86A5-9E59F7A224DC|8BBF086B-6BB3-48CF-BE4E-85FFFB8B7A3F
2D912823-B8BE-4EAB-B84B-B8E9F4BE887A|55DD5463-6ECB-48A3-B6E7-03548A9E37FE|8BBF086B-6BB3-48CF-BE4E-85FFFB8B7A3F
FDCDCC3B-F1E2-4C51-9331-F614BF907399|9981AF41-4F2D-43E7-BE85-3BE342E3DE97|8BBF086B-6BB3-48CF-BE4E-85FFFB8B7A3F
CD641C62-3E86-45A7-897C-DC1345CC55E3|5C7F1A91-A253-4758-A435-D6A877B2BFF7|8BBF086B-6BB3-48CF-BE4E-85FFFB8B7A3F
30E9E15E-0570-4B4D-AC88-B7300DCAF4B5|0FE3F988-A852-4D70-AA60-4B0299E3BB2E|8BBF086B-6BB3-48CF-BE4E-85FFFB8B7A3F
DE0DED6A-CFA6-48EE-943C-CBB712056923|6DB8ECF2-C324-44F7-9003-D5690601D793|8BBF086B-6BB3-48CF-BE4E-85FFFB8B7A3F
3D753A38-18A7-4AC3-9221-98BB07C44A8C|5C15179F-A08E-4FCD-8F9B-C2B47DE66779|8BBF086B-6BB3-48CF-BE4E-85FFFB8B7A3F
21FF7C3C-893E-4472-B85E-E5DE551518F6|134296E7-1D73-4328-AA9C-F5A31084166F|8BBF086B-6BB3-48CF-BE4E-85FFFB8B7A3F
F0DD53E1-F0E4-4ECF-8714-8DC0F352F896|4D334ABD-7841-43A5-9E45-D8159E7E8181|8BBF086B-6BB3-48CF-BE4E-85FFFB8B7A3F
2F4A5B4E-AD0E-4CDD-AF48-70597BD83EE2|A2430CE3-B846-4B53-8E52-B4FB7D7B82AD|8BBF086B-6BB3-48CF-BE4E-85FFFB8B7A3F
3DFC947D-7A87-4F0E-BA82-681C07A5B7E4|63676FE0-F07D-45DB-BCC9-454B1088861E|8BBF086B-6BB3-48CF-BE4E-85FFFB8B7A3F
75D4F97A-CDE2-4551-9954-82F46A174BC5|D166C4CB-D5A3-409B-9B65-0082EDE68AFE|8BBF086B-6BB3-48CF-BE4E-85FFFB8B7A3F
599AF61F-D5BA-4E17-A07D-F478D8BE6208|71012BD8-03D1-46B3-8400-9C82D7C11EB5|8BBF086B-6BB3-48CF-BE4E-85FFFB8B7A3F
AE00AFFD-C2E4-4CDD-AE73-37DD5B75E253|8916C3B1-016C-4EF7-B2B4-4009DD51725B|8BBF086B-6BB3-48CF-BE4E-85FFFB8B7A3F
259E18E5-53F3-4795-9C1F-5934E9C6CA55|85A288CE-BE07-409C-8161-0BD6DB085680|8BBF086B-6BB3-48CF-BE4E-85FFFB8B7A3F
DC7B62C2-1EC5-4A36-A9B6-ED0339EC3674|3A69656D-2F4F-45B3-98E6-2542366C910C|8BBF086B-6BB3-48CF-BE4E-85FFFB8B7A3F
88BFED8E-D937-420E-BE15-DD715B90CF85|DAED9B26-87AD-41BD-8058-F1C98C9FAE70|8BBF086B-6BB3-48CF-BE4E-85FFFB8B7A3F
32898B96-7113-4566-987D-E56DBED35C46|E54B3CFA-E25F-434C-A572-FC08E230F298|8BBF086B-6BB3-48CF-BE4E-85FFFB8B7A3F
0458565E-24B3-43A5-AE0D-16BFC5CA6582|B9E7EE02-F6B5-4EBF-B2E1-2F441E0EA710|8BBF086B-6BB3-48CF-BE4E-85FFFB8B7A3F
83AD0DE7-1EA8-46D9-9A3E-B58F9ED62C0A|99AC5A73-A3A2-4EEB-AC12-9624266122C2|8BBF086B-6BB3-48CF-BE4E-85FFFB8B7A3F
FF0391A3-6910-4D76-BD41-A6CA5E0BF9E5|3D9F61F5-A2ED-49E0-805C-BCE61533F9FC|8BBF086B-6BB3-48CF-BE4E-85FFFB8B7A3F
96F73CD6-9922-4871-9F63-F6744E466563|7DC52335-F35D-4C71-B1AB-5B15EEBB7A0F|8BBF086B-6BB3-48CF-BE4E-85FFFB8B7A3F
75DDA0F4-98E0-4751-8CE4-6A09ABC29EE7|D0EC9594-8CFA-48F6-80BD-7AF6CF435A5D|8BBF086B-6BB3-48CF-BE4E-85FFFB8B7A3F
DE0022C6-87DE-435E-9B9E-658A8E6CB84D|2AB0D593-B7AD-4B60-B0A8-A5416C29651D|8BBF086B-6BB3-48CF-BE4E-85FFFB8B7A3F
FEEC2E55-393F-4D6C-B36C-18BF166522B0|41BDFC52-7941-434A-B783-BABAE7847000|8BBF086B-6BB3-48CF-BE4E-85FFFB8B7A3F
1BE04DA8-BE28-4376-A21A-7D4619CDD27A|2DA46381-07FC-41A7-95E5-0DB3DF938742|8BBF086B-6BB3-48CF-BE4E-85FFFB8B7A3F
67B30E4E-6624-4332-A30B-662138AACBAD|744D876A-03CA-4A46-B2E5-C7BF39F16338|8BBF086B-6BB3-48CF-BE4E-85FFFB8B7A3F
BEF1F436-9E37-4750-909C-A5A63729F028|604C70A8-0018-4127-A02E-D2DABA5689B8|8BBF086B-6BB3-48CF-BE4E-85FFFB8B7A3F
D3AC0B5D-47FC-4973-902D-D90B1CB44C43|19FF7382-77E0-4789-BBC2-3EE1261722C2|8BBF086B-6BB3-48CF-BE4E-85FFFB8B7A3F
7BFAD47E-2C30-48C8-A67A-432A04F2BB10|9273A280-8837-43E4-9D97-D38895C5BB92|8BBF086B-6BB3-48CF-BE4E-85FFFB8B7A3F
9BAAEB06-1EC3-4D21-9780-1D88D4274A80|EFE11479-B775-475F-9A01-0B2181856316|8BBF086B-6BB3-48CF-BE4E-85FFFB8B7A3F
8BB3616A-65CA-4A3F-93E4-57FD08B42406|A1BA4181-BE72-4720-B39A-310FD87A2DEC|8BBF086B-6BB3-48CF-BE4E-85FFFB8B7A3F
C1572274-8FD7-4F06-B8A0-25B2435C23AE|3BF06943-D092-4D50-9DF5-091F34121D31|8BBF086B-6BB3-48CF-BE4E-85FFFB8B7A3F
155E498C-1377-44C4-9431-CC89CFB8A20A|F14658EB-E6ED-4870-8D8F-B7AC92424633|8BBF086B-6BB3-48CF-BE4E-85FFFB8B7A3F
8692E1E7-5276-4E94-B80A-2FE06E1231FF|101925B7-82BB-4102-A070-79754D1506F4|8BBF086B-6BB3-48CF-BE4E-85FFFB8B7A3F
153F14BC-8542-4F14-9D51-6E394CD6E0FC|A5F14E04-77D2-4FA3-A99F-C94B1783191E|8BBF086B-6BB3-48CF-BE4E-85FFFB8B7A3F
1E696653-F4DF-43F5-A74D-D7D0973CD5A7|90D4C761-8204-4E41-86D4-CACB53C55A81|8BBF086B-6BB3-48CF-BE4E-85FFFB8B7A3F
F83C14E0-9624-499C-9A47-4AD648F1C82E|F98246CB-8739-43A0-B828-CF8131192F59|8BBF086B-6BB3-48CF-BE4E-85FFFB8B7A3F
BDDBAE3C-5535-4EE1-837D-F1CE9CA96CE2|2F57830C-EAAD-45AE-BF90-BAB96648FFA6|8BBF086B-6BB3-48CF-BE4E-85FFFB8B7A3F
3CE67FF3-8B14-4AFF-939C-760B0C011C65|F1C39052-E637-463D-AA4D-80231E3DE6A2|8BBF086B-6BB3-48CF-BE4E-85FFFB8B7A3F
D36E4AFC-32AD-4099-94D6-AEF3A68081F5|D41E8777-9BD0-4A58-B1ED-A4130A84C334|8BBF086B-6BB3-48CF-BE4E-85FFFB8B7A3F
C4E06BF7-0CC9-4429-BE44-4C7E2BBDEAD0|AE08E55E-21B6-47F5-8BCC-5E48A8B3E618|8BBF086B-6BB3-48CF-BE4E-85FFFB8B7A3F
FCF43148-E3DD-4ED3-9599-D427577B9F75|4E7F14C7-CABD-43DE-B556-18D29A509C78|8BBF086B-6BB3-48CF-BE4E-85FFFB8B7A3F
8E44289B-A913-4C05-B203-A615BE405317|9C9D8931-F181-4857-A2C7-9DB0432AB26D|8BBF086B-6BB3-48CF-BE4E-85FFFB8B7A3F
FB50604D-A71C-4CEC-8450-0A6F7B20B6D6|7617DDBB-2DF1-429B-B055-4D8F6F4E18DA|8BBF086B-6BB3-48CF-BE4E-85FFFB8B7A3F
F83A439B-B6B0-413F-A6CE-2462AF18BD79|0EC63AB0-DF5B-4D08-BE9B-BA107C0E06CF|8BBF086B-6BB3-48CF-BE4E-85FFFB8B7A3F
C31C5256-9FAD-4CE2-80FE-85ADE4E67178|2F12FF48-4B64-446B-BFE8-65C6307C0C6E|8BBF086B-6BB3-48CF-BE4E-85FFFB8B7A3F
B8849644-9A67-47CA-90ED-165ED0CFD892|4FA4F404-FA48-4DA0-B4CC-F2BE57DE3FC2|8BBF086B-6BB3-48CF-BE4E-85FFFB8B7A3F
93131093-BCD9-4308-8CE4-0EAAF9BC4FFD|BCF0757E-2770-403A-935A-41727EEF9862|8BBF086B-6BB3-48CF-BE4E-85FFFB8B7A3F
23AEEDD1-3361-4626-A2B5-DF43E942D5E5|1852D4EB-6E28-40A5-9BEE-B88C969E709D|8BBF086B-6BB3-48CF-BE4E-85FFFB8B7A3F
F4060E9F-724C-42F3-AF7E-465011AEC2FA|493891B4-1B47-4EB2-AC63-B692FDC4C519|8BBF086B-6BB3-48CF-BE4E-85FFFB8B7A3F
CC5B7482-3BA8-41C3-B7AF-0D50B6830549|84B8977F-CB68-456E-AA15-1CEDA051D73C|8BBF086B-6BB3-48CF-BE4E-85FFFB8B7A3F
AB093D5D-4060-428F-A27E-3C8CC1A5C242|F605324B-B28D-4813-AD12-A7D6A1F42D93|8BBF086B-6BB3-48CF-BE4E-85FFFB8B7A3F
F73E1819-332D-4431-97B5-4F4503E90663|C996E9D3-E7DA-4BD3-AAC5-E5B7B27A3BD7|8BBF086B-6BB3-48CF-BE4E-85FFFB8B7A3F
28583650-3769-4750-AEDC-2A580C6563DC|59B43BF1-96C3-418E-92B3-BAA41C053033|8BBF086B-6BB3-48CF-BE4E-85FFFB8B7A3F
5071287F-DCC5-46FF-953C-3D50A79C2547|05DAA89D-EC2D-4660-AF5D-98D4D6868275|8BBF086B-6BB3-48CF-BE4E-85FFFB8B7A3F
F17A0DC0-E823-4E34-BA61-99F7BC3861C5|75C15B77-D270-4B5E-9E20-10359D26B247|8BBF086B-6BB3-48CF-BE4E-85FFFB8B7A3F
4AAE321B-C93C-4FEB-8FB0-47D21E282B32|5A04C2A8-665F-488E-84E9-3D884DFE5597|8BBF086B-6BB3-48CF-BE4E-85FFFB8B7A3F
3C56EE0D-48FF-4682-9189-89A03B51CF2D|819D2201-8E32-4833-980D-3D34391C5628|8BBF086B-6BB3-48CF-BE4E-85FFFB8B7A3F
19BC91FB-3EC6-42AE-A771-D21480F22DE6|D4B48A2A-9431-47AF-A9F7-E681D9759A38|8BBF086B-6BB3-48CF-BE4E-85FFFB8B7A3F
7070E89B-BE37-4E6A-A32B-946975B7A112|186E9AF4-8511-49FB-96F7-003477234BBF|8BBF086B-6BB3-48CF-BE4E-85FFFB8B7A3F
2BF9A050-0252-42A9-B436-732C871AD7AC|5CF6F4AA-3937-43CF-BE5A-95A35829867C|8BBF086B-6BB3-48CF-BE4E-85FFFB8B7A3F
CE866BBD-3A12-4FE3-9F1B-55BE4FF6B042|BF88828C-06E6-49B5-B273-8F1894CE92F1|8BBF086B-6BB3-48CF-BE4E-85FFFB8B7A3F
C12133EE-AF66-418C-9C01-6041F87E3F21|C06F79B1-3DAB-4909-B1FA-9EF58BA4801C|8BBF086B-6BB3-48CF-BE4E-85FFFB8B7A3F
D3C33D62-313F-4C84-8222-7A65C5F65BB6|932F985F-9892-4A6F-ABA7-BDC5E0C32458|8BBF086B-6BB3-48CF-BE4E-85FFFB8B7A3F
23B465EF-6EC5-4BFF-A4EE-43ABC3AC74C3|783730F6-1262-4FCC-A486-EE4D44E2C22A|8BBF086B-6BB3-48CF-BE4E-85FFFB8B7A3F
1BB676FF-03B1-4672-B743-63FE2793C29C|628779AD-4968-4107-ADA4-14F13426470A|8BBF086B-6BB3-48CF-BE4E-85FFFB8B7A3F
F7E8BDF0-A5ED-4FB7-A071-1CA5E3496433|6A4DD014-D39D-4B9E-8BB4-7104FC5D6EB2|8BBF086B-6BB3-48CF-BE4E-85FFFB8B7A3F
FFAC311E-F25F-40C2-AB16-6C7CF150B8AD|8C2C68C8-3175-49F1-AB92-84561AD81563|8BBF086B-6BB3-48CF-BE4E-85FFFB8B7A3F
28B91B88-9A94-480F-8A59-72CA201C4612|DDE3765A-38EF-4D45-B452-BB4D0DA3A079|8BBF086B-6BB3-48CF-BE4E-85FFFB8B7A3F
D6BC6773-F060-4C58-A9DE-D98EA46F754D|682FAD9B-C58C-4929-A460-FDD7C021A12F|8BBF086B-6BB3-48CF-BE4E-85FFFB8B7A3F
DE0827BB-6723-4C01-80B1-1C7ED4D5DC67|F88F51DD-F0F2-4454-A9FB-0C679EDC55C3|8BBF086B-6BB3-48CF-BE4E-85FFFB8B7A3F
36D9BA67-5545-4FE1-A802-C1F1A435FBD3|8964C5F6-922A-4398-B8D8-2030560C1CF8|8BBF086B-6BB3-48CF-BE4E-85FFFB8B7A3F
F968DF3C-668D-4D7E-B015-92ED8D88119E|CA69EB58-7DCA-4E9E-80B1-AC47B63A8C21|D3E46980-A6A0-42E7-AB85-858BD367CF98
77872F40-BA22-4174-A8C2-C435C9E242EF|82B17C63-6BBA-4B5C-B387-43DD1E74B2B1|D3E46980-A6A0-42E7-AB85-858BD367CF98
7A38A6F7-DE9D-4E28-8006-008C2489F20B|7DBC3E02-DB92-4A34-A506-D2ED184F02A9|D3E46980-A6A0-42E7-AB85-858BD367CF98
212226F3-83D8-4B2C-9BD9-51399443EB1B|B393510A-2D03-44D1-8A0C-73FBEC1BEDD7|D3E46980-A6A0-42E7-AB85-858BD367CF98
35D22333-04A8-4429-B6BD-F25D81A59B1B|E96657DE-DFEB-4073-AA93-4F83155DCD09|D3E46980-A6A0-42E7-AB85-858BD367CF98
FB0C0C59-DA98-4CCD-B832-77FC33E9CFF5|FE1F19D5-C88D-411E-9543-40CE59979BEC|D3E46980-A6A0-42E7-AB85-858BD367CF98
65775EFD-5360-405C-8A72-9C076E6E2009|E8246333-CD6C-48CE-8E12-16FDCD87C903|D3E46980-A6A0-42E7-AB85-858BD367CF98
9DB5C489-11BB-4472-A600-1A31A9FA6303|4F6D9D5C-C3A2-42EA-9167-38159A622ADB|D3E46980-A6A0-42E7-AB85-858BD367CF98
61D856FA-4B9D-4C6B-97B5-0186637731F5|91FC808C-C32A-417A-8E4B-C43808515AD8|D3E46980-A6A0-42E7-AB85-858BD367CF98
E06B30CF-50DA-4B9A-8A58-2A576B96764B|83193DF6-B960-4D46-8AA7-DCB088646E14|D3E46980-A6A0-42E7-AB85-858BD367CF98
D4CD4AA6-573C-45D5-8035-89480660DB2D|F061B7E5-AEE8-4450-B704-D6AA7BC51DCB|D3E46980-A6A0-42E7-AB85-858BD367CF98
B07A4434-5546-4375-8C83-D70BBF357E3C|4EB59171-1A34-41A9-A343-887943D5C969|D3E46980-A6A0-42E7-AB85-858BD367CF98
4E4B93B5-A82C-42D2-B00E-C624BECF9295|BF34A72B-833A-447A-945A-00E07690F8B5|D3E46980-A6A0-42E7-AB85-858BD367CF98
9CFD8E49-869E-4B0F-9318-83554E62FED7|C429E19B-ED25-4D0E-A0F8-A2DD6A1D07F3|D3E46980-A6A0-42E7-AB85-858BD367CF98
CD06DA4C-1FD2-4767-BA13-8C8F4DE16B3A|C6E316F7-5784-46A5-A2E2-12EE459E9DA5|D3E46980-A6A0-42E7-AB85-858BD367CF98
69300BAC-F1EE-4F3D-9758-5F57FA273B9F|99B8B96B-B7DA-4E1F-8E7E-4D29FF3D8D20|D3E46980-A6A0-42E7-AB85-858BD367CF98
A456B270-7975-48C5-867F-F710FA1ECD55|3C1053E1-896E-46D2-8C04-03B673EDDE08|D3E46980-A6A0-42E7-AB85-858BD367CF98
F0EC2819-C17D-4B2D-9DB6-F7789B9489B8|2643E379-BE22-4D11-9591-F2DC02B43FC6|D3E46980-A6A0-42E7-AB85-858BD367CF98
747E00B9-DDC3-4A7F-B893-0BA8BAB4BBE8|DD428EEC-C7BD-4ED0-9671-03FA8F75BB21|D3E46980-A6A0-42E7-AB85-858BD367CF98
8790D22A-6732-40F5-9854-31B4B5A2BD31|FA5D00B0-1DAB-4C83-97F9-0BAF30186582|D3E46980-A6A0-42E7-AB85-858BD367CF98
CE59167A-0729-404C-86CD-3F05490C397B|ED2F088A-0D1F-45F5-88DC-CB9552FD44F5|D3E46980-A6A0-42E7-AB85-858BD367CF98
30CA16E0-A651-4944-9D0C-B0334AA102C9|323556CF-3695-449E-86F4-9515CC58A267|D3E46980-A6A0-42E7-AB85-858BD367CF98
D0A5A0EF-D6B9-4168-9CFC-1513104F42F1|CDBCEC15-3EE0-43EF-B384-F4014E83F89D|D3E46980-A6A0-42E7-AB85-858BD367CF98
30AA4E2C-2192-4F30-A57E-137AA1D9E8A0|4F819276-09F7-4B53-99E9-65FADF75F7D2|D3E46980-A6A0-42E7-AB85-858BD367CF98
9E1A167E-C902-4DEB-B58B-AFDD7893B6AA|FB769B43-B092-42E4-9936-A0716F28B25D|D3E46980-A6A0-42E7-AB85-858BD367CF98
5C99A8B6-C3B6-4CFB-86A2-D84AB3F9AE50|A058D7E4-0233-4BE7-990A-D3CB229164B5|D3E46980-A6A0-42E7-AB85-858BD367CF98
4F2ACCA6-35F8-4141-B070-25D835232208|1C9DD8CF-14B2-4BF2-AACC-6B6CBEB98998|D3E46980-A6A0-42E7-AB85-858BD367CF98
90C6F935-F49F-496A-B578-12800E90D30E|3C212576-FEB0-47B3-A3F8-71C623D38064|D3E46980-A6A0-42E7-AB85-858BD367CF98
3DACAC15-ACAA-404A-834F-AADD3AADE4A3|129BAE9E-BBE9-4FBA-B67E-BEE11FF3C1C6|D3E46980-A6A0-42E7-AB85-858BD367CF98
A3720F06-F712-4782-9E6D-94792248C288|0E97899E-99F2-468F-86A5-9E59F7A224DC|D3E46980-A6A0-42E7-AB85-858BD367CF98
16BD34D4-0220-4D0E-9966-0BC4B75FAEEE|55DD5463-6ECB-48A3-B6E7-03548A9E37FE|D3E46980-A6A0-42E7-AB85-858BD367CF98
6B1CD5A6-FA61-44A6-9DDF-982ADEC3C837|9981AF41-4F2D-43E7-BE85-3BE342E3DE97|D3E46980-A6A0-42E7-AB85-858BD367CF98
5FA034F1-6F69-4439-A533-AEE3BAFC1DDC|5C7F1A91-A253-4758-A435-D6A877B2BFF7|D3E46980-A6A0-42E7-AB85-858BD367CF98
C5E4F8FB-26B2-47CB-9597-89E801607F8E|0FE3F988-A852-4D70-AA60-4B0299E3BB2E|D3E46980-A6A0-42E7-AB85-858BD367CF98
9A232D1D-38D4-4B62-B80B-0457E65F2878|6DB8ECF2-C324-44F7-9003-D5690601D793|D3E46980-A6A0-42E7-AB85-858BD367CF98
D759489E-5276-461B-8738-D522003FA922|5C15179F-A08E-4FCD-8F9B-C2B47DE66779|D3E46980-A6A0-42E7-AB85-858BD367CF98
FD655F28-2B34-4BE5-BE4A-F76CC1C1E62A|134296E7-1D73-4328-AA9C-F5A31084166F|D3E46980-A6A0-42E7-AB85-858BD367CF98
523A5903-04A1-4DCE-AE1E-E3924883B5FF|4D334ABD-7841-43A5-9E45-D8159E7E8181|D3E46980-A6A0-42E7-AB85-858BD367CF98
8F0E5677-ECAE-4EA0-AF8C-EA8AA8CC1C7E|A2430CE3-B846-4B53-8E52-B4FB7D7B82AD|D3E46980-A6A0-42E7-AB85-858BD367CF98
080650EC-D20A-4F5A-8204-65F55348DDC5|63676FE0-F07D-45DB-BCC9-454B1088861E|D3E46980-A6A0-42E7-AB85-858BD367CF98
734E112C-5094-465A-8C6C-CBBABE15CA0B|D166C4CB-D5A3-409B-9B65-0082EDE68AFE|D3E46980-A6A0-42E7-AB85-858BD367CF98
729CE8AF-9FB3-4C2C-9CB8-C1EE2300FDED|71012BD8-03D1-46B3-8400-9C82D7C11EB5|D3E46980-A6A0-42E7-AB85-858BD367CF98
98FC3924-4C68-47FD-BEA9-41C21E850370|8916C3B1-016C-4EF7-B2B4-4009DD51725B|D3E46980-A6A0-42E7-AB85-858BD367CF98
90450EB0-F52F-410A-86BB-8D4545A10FAE|85A288CE-BE07-409C-8161-0BD6DB085680|D3E46980-A6A0-42E7-AB85-858BD367CF98
E5C6E3A9-6155-4707-91C3-3DA24E99307F|3A69656D-2F4F-45B3-98E6-2542366C910C|D3E46980-A6A0-42E7-AB85-858BD367CF98
22243F1C-DA98-4DFE-81F2-7E7D9C2751C3|DAED9B26-87AD-41BD-8058-F1C98C9FAE70|D3E46980-A6A0-42E7-AB85-858BD367CF98
F5CC67CD-DD30-4133-B463-8A7CFA191E79|E54B3CFA-E25F-434C-A572-FC08E230F298|D3E46980-A6A0-42E7-AB85-858BD367CF98
80FD581A-664F-4DCA-9578-4BACF61A0217|B9E7EE02-F6B5-4EBF-B2E1-2F441E0EA710|D3E46980-A6A0-42E7-AB85-858BD367CF98
267332AC-BA2B-4F44-A86A-CAFB2612B01B|99AC5A73-A3A2-4EEB-AC12-9624266122C2|D3E46980-A6A0-42E7-AB85-858BD367CF98
42FD8D9E-06B3-41E9-A6E6-934A678BEDD4|3D9F61F5-A2ED-49E0-805C-BCE61533F9FC|D3E46980-A6A0-42E7-AB85-858BD367CF98
F3BE6C8B-1FF8-4402-BB7D-E77398D67055|7DC52335-F35D-4C71-B1AB-5B15EEBB7A0F|D3E46980-A6A0-42E7-AB85-858BD367CF98
F089A160-D973-41E3-821C-56933B4E3DB5|D0EC9594-8CFA-48F6-80BD-7AF6CF435A5D|D3E46980-A6A0-42E7-AB85-858BD367CF98
FF958593-6280-4FAA-8148-3805CEDFBF5A|2AB0D593-B7AD-4B60-B0A8-A5416C29651D|D3E46980-A6A0-42E7-AB85-858BD367CF98
DC48C7E8-4FB5-42EA-B112-4E3789FB12C8|41BDFC52-7941-434A-B783-BABAE7847000|D3E46980-A6A0-42E7-AB85-858BD367CF98
734F7552-7418-4BAE-A667-9B32DEF6BDF8|2DA46381-07FC-41A7-95E5-0DB3DF938742|D3E46980-A6A0-42E7-AB85-858BD367CF98
925439CF-0B9F-437D-8395-664BD8A285A3|744D876A-03CA-4A46-B2E5-C7BF39F16338|D3E46980-A6A0-42E7-AB85-858BD367CF98
34A2D75C-7577-42CA-AF64-F9097AD42CEC|604C70A8-0018-4127-A02E-D2DABA5689B8|D3E46980-A6A0-42E7-AB85-858BD367CF98
1635CF8D-5AC1-4CAB-8F44-37D4568B6918|19FF7382-77E0-4789-BBC2-3EE1261722C2|D3E46980-A6A0-42E7-AB85-858BD367CF98
766B311E-0C75-433F-9F80-9EC5DD6C0C01|9273A280-8837-43E4-9D97-D38895C5BB92|D3E46980-A6A0-42E7-AB85-858BD367CF98
C729F842-101D-4495-83A0-1ED8179D88BA|EFE11479-B775-475F-9A01-0B2181856316|D3E46980-A6A0-42E7-AB85-858BD367CF98
E8806BA8-6820-4E29-A165-41D21839E6DE|A1BA4181-BE72-4720-B39A-310FD87A2DEC|D3E46980-A6A0-42E7-AB85-858BD367CF98
93D5EA2F-F8B1-462D-BBFA-EF42CCD84D57|3BF06943-D092-4D50-9DF5-091F34121D31|D3E46980-A6A0-42E7-AB85-858BD367CF98
3EA44821-9A7C-4895-8137-194EEF8E3B63|F14658EB-E6ED-4870-8D8F-B7AC92424633|D3E46980-A6A0-42E7-AB85-858BD367CF98
6DEF5610-8350-4DA9-B157-19683279F02B|101925B7-82BB-4102-A070-79754D1506F4|D3E46980-A6A0-42E7-AB85-858BD367CF98
5BD65425-DE06-4E01-A648-1CDCE5F7AB24|A5F14E04-77D2-4FA3-A99F-C94B1783191E|D3E46980-A6A0-42E7-AB85-858BD367CF98
8F0D7983-9639-4422-8271-8853B53DF438|90D4C761-8204-4E41-86D4-CACB53C55A81|D3E46980-A6A0-42E7-AB85-858BD367CF98
3A339D3F-2B0E-44F5-85F1-E4F878CA441F|F98246CB-8739-43A0-B828-CF8131192F59|D3E46980-A6A0-42E7-AB85-858BD367CF98
E4AD23AB-EB04-40A0-97B5-91584650D924|2F57830C-EAAD-45AE-BF90-BAB96648FFA6|D3E46980-A6A0-42E7-AB85-858BD367CF98
11B94E1F-5293-4FFA-92F1-9F0334C9EB2E|F1C39052-E637-463D-AA4D-80231E3DE6A2|D3E46980-A6A0-42E7-AB85-858BD367CF98
04166638-B6A3-4F27-98FD-0ED8B6AB772A|D41E8777-9BD0-4A58-B1ED-A4130A84C334|D3E46980-A6A0-42E7-AB85-858BD367CF98
7C3AA6C7-68A5-4EDB-87DC-A9A75905B002|AE08E55E-21B6-47F5-8BCC-5E48A8B3E618|D3E46980-A6A0-42E7-AB85-858BD367CF98
3D42A214-9FC8-4B72-A7DA-9DC4B3FE17BF|4E7F14C7-CABD-43DE-B556-18D29A509C78|D3E46980-A6A0-42E7-AB85-858BD367CF98
57135A9D-2D16-408D-A09F-A8EE2BBEF316|9C9D8931-F181-4857-A2C7-9DB0432AB26D|D3E46980-A6A0-42E7-AB85-858BD367CF98
9A4906FF-255B-40EC-B6CA-23C69797A739|7617DDBB-2DF1-429B-B055-4D8F6F4E18DA|D3E46980-A6A0-42E7-AB85-858BD367CF98
63D6298C-AF8D-4872-B693-7394C215C48B|0EC63AB0-DF5B-4D08-BE9B-BA107C0E06CF|D3E46980-A6A0-42E7-AB85-858BD367CF98
4516B354-5023-4BEE-A4C2-BC0B09CBA8CC|2F12FF48-4B64-446B-BFE8-65C6307C0C6E|D3E46980-A6A0-42E7-AB85-858BD367CF98
E1BA4B45-DF76-423A-B448-BEAA043B7FAF|4FA4F404-FA48-4DA0-B4CC-F2BE57DE3FC2|D3E46980-A6A0-42E7-AB85-858BD367CF98
9A6D2109-1FC2-4941-92EC-A2F86C2FF97A|BCF0757E-2770-403A-935A-41727EEF9862|D3E46980-A6A0-42E7-AB85-858BD367CF98
594DD1E0-B6FE-45F7-92BE-45CE27AC20BE|1852D4EB-6E28-40A5-9BEE-B88C969E709D|D3E46980-A6A0-42E7-AB85-858BD367CF98
F4BD0857-B5D4-439C-8C71-41857830A523|493891B4-1B47-4EB2-AC63-B692FDC4C519|D3E46980-A6A0-42E7-AB85-858BD367CF98
96C2EE71-3C7F-4A1D-AF43-7AB82C2B605A|84B8977F-CB68-456E-AA15-1CEDA051D73C|D3E46980-A6A0-42E7-AB85-858BD367CF98
A2562D0A-AC1D-4F72-AEA9-645ED1F7AA3A|F605324B-B28D-4813-AD12-A7D6A1F42D93|D3E46980-A6A0-42E7-AB85-858BD367CF98
BF70E76B-1D70-4641-9E03-05E22100F2FD|C996E9D3-E7DA-4BD3-AAC5-E5B7B27A3BD7|D3E46980-A6A0-42E7-AB85-858BD367CF98
36F23739-24EC-4F9A-A268-42F991E99B41|59B43BF1-96C3-418E-92B3-BAA41C053033|D3E46980-A6A0-42E7-AB85-858BD367CF98
3B25C71E-C0D8-4F4C-8D7F-B1E4EDE5DAA9|05DAA89D-EC2D-4660-AF5D-98D4D6868275|D3E46980-A6A0-42E7-AB85-858BD367CF98
BA6FB2E8-8842-4205-875B-A11D6FB6DF67|75C15B77-D270-4B5E-9E20-10359D26B247|D3E46980-A6A0-42E7-AB85-858BD367CF98
38F1B38A-B6E2-4329-A607-BBDA48820C1A|5A04C2A8-665F-488E-84E9-3D884DFE5597|D3E46980-A6A0-42E7-AB85-858BD367CF98
66B29F18-DEB3-4064-8245-EFC51553B582|819D2201-8E32-4833-980D-3D34391C5628|D3E46980-A6A0-42E7-AB85-858BD367CF98
1156F1B1-7901-4B4E-B4A7-B8B2F7873507|D4B48A2A-9431-47AF-A9F7-E681D9759A38|D3E46980-A6A0-42E7-AB85-858BD367CF98
42D1327D-6913-4E92-9BC7-5A0A276EDE84|186E9AF4-8511-49FB-96F7-003477234BBF|D3E46980-A6A0-42E7-AB85-858BD367CF98
6B7CED72-FA83-496D-BF9F-540AEF61CDB0|5CF6F4AA-3937-43CF-BE5A-95A35829867C|D3E46980-A6A0-42E7-AB85-858BD367CF98
9B784C0D-1B4A-4B77-BA61-A8C453947813|BF88828C-06E6-49B5-B273-8F1894CE92F1|D3E46980-A6A0-42E7-AB85-858BD367CF98
1FD360EF-93AE-478A-91FD-9C5C68B10CDD|C06F79B1-3DAB-4909-B1FA-9EF58BA4801C|D3E46980-A6A0-42E7-AB85-858BD367CF98
EDED148B-3E7A-4502-B4CF-6CFA9302B435|932F985F-9892-4A6F-ABA7-BDC5E0C32458|D3E46980-A6A0-42E7-AB85-858BD367CF98
4D68B40B-91F4-4BCB-93B3-34E49E66FFE6|783730F6-1262-4FCC-A486-EE4D44E2C22A|D3E46980-A6A0-42E7-AB85-858BD367CF98
D6EC6493-EB2B-4E9D-B0C7-870D5EC605AD|628779AD-4968-4107-ADA4-14F13426470A|D3E46980-A6A0-42E7-AB85-858BD367CF98
4A008D51-F1EE-4764-B66D-618D56609F6B|6A4DD014-D39D-4B9E-8BB4-7104FC5D6EB2|D3E46980-A6A0-42E7-AB85-858BD367CF98
449E9E22-56CA-4C4E-A7B8-1B6F1859A5B7|8C2C68C8-3175-49F1-AB92-84561AD81563|D3E46980-A6A0-42E7-AB85-858BD367CF98
3A87C26D-CA5E-4204-9435-5FBF6F5A25E4|DDE3765A-38EF-4D45-B452-BB4D0DA3A079|D3E46980-A6A0-42E7-AB85-858BD367CF98
011EA054-DE8B-4957-83C8-A6FDBCE19379|682FAD9B-C58C-4929-A460-FDD7C021A12F|D3E46980-A6A0-42E7-AB85-858BD367CF98
3DEB4C82-E464-4DB7-8F3B-3A3FA6125CB9|F88F51DD-F0F2-4454-A9FB-0C679EDC55C3|D3E46980-A6A0-42E7-AB85-858BD367CF98
AA78B648-7F76-4CEE-A7AD-382E79BEB1AD|8964C5F6-922A-4398-B8D8-2030560C1CF8|D3E46980-A6A0-42E7-AB85-858BD367CF98
